2023-04-26 05:33:02.645491+00:00	2023-04-26 05:33:02.645491+00:00	ae8603cc-485e-4cc5-96b0-726eefbe543d	{"pid": "00401653X", "bf:Agent": "bf:Organisation", "type": "bf:Organisation", "conference": false, "identifier": "http://d-nb.info/gnd/1002606-X", "variant_name": ["Federal Association of Company Health Insurance Funds", "Association of Company Health Insurance Funds", "BKK-Bundesverband", "BKK Bundesverband", "Bundesverband der BKK", "BdB", "BKK-BV", "BKK"], "preferred_name": "Bundesverband der Betriebskrankenkassen", "country_associated": "gw", "date_of_termination": "31.12.2013", "variant_access_point": ["Federal Association of Company Health Insurance Funds", "Association of Company Health Insurance Funds", "BKK-Bundesverband", "BKK Bundesverband", "Bundesverband der BKK", "BdB. Abkuerzung", "BKK-BV. Abkuerzung", "BKK. Abkuerzung"], "authorized_access_point": "Bundesverband der Betriebskrankenkassen", "md5": "d69075fb4cc375f19a6f9b05ff25f9fc", "$schema": "https://mef.rero.ch/schemas/agents_gnd/gnd-agent-v0.0.1.json"}	1
2023-04-26 05:33:02.645557+00:00	2023-04-26 05:33:02.645557+00:00	d522b6dc-bdb8-4db4-a353-3b55d3ac905d	{"pid": "00402074X", "bf:Agent": "bf:Organisation", "type": "bf:Organisation", "conference": false, "identifier": "http://d-nb.info/gnd/1003478-X", "variant_name": ["Communaute\\u0301 europe\\u0301enne du charbon et de l'acier", "European coal and steel community", "EGKS", "Montanunion", "Montangemeinschaft", "European Coal and Steel Community", "ECSC", "Comunidade Europea do Carva\\u0303o do Ac\\u0327o", "Comunidade Europeia do Carva\\u0303o e do Ac\\u0327o", "Comunidad Europea del Carbo\\u0301n y del Acero", "Comunita\\u0300 Europea del Carbone e dell'Acciaio", "CECA", "Communitas Europaea Carbonis Ferrique", "CECF", "Europese Kolen en Staal Gemeenschap", "EKSG", "Europ\\u00e6iske Kul- og Sta\\u030alf\\u00e6llesskab", "EKSF", "Europaiki Kinotitas Anfraka ke Haliva", "EKAH", "Europese Gemeenschap voor Kolen en Staal", "Europaeiske Kul- og Sta\\u030alfaelleskab", "Evropaiki Kinotita Anfraka ke Haliva", "Europejska Wspo\\u0301lnota We\\u0328gla i Stali"], "preferred_name": "Europa\\u0308ische Gemeinschaft fu\\u0308r Kohle und Stahl", "date_of_termination": "23.07.2002", "variant_access_point": ["Communaute\\u0301 europe\\u0301enne du charbon et de l'acier", "European coal and steel community", "EGKS. Abkuerzung", "Montanunion", "Montangemeinschaft", "European Coal and Steel Community", "ECSC. Abkuerzung", "Comunidade Europea do Carva\\u0303o do Ac\\u0327o", "Comunidade Europeia do Carva\\u0303o e do Ac\\u0327o", "Comunidad Europea del Carbo\\u0301n y del Acero", "Comunita\\u0300 Europea del Carbone e dell'Acciaio", "CECA. Abkuerzung", "Communitas Europaea Carbonis Ferrique", "CECF. Abkuerzung", "Europese Kolen en Staal Gemeenschap", "EKSG. Abkuerzung", "Europ\\u00e6iske Kul- og Sta\\u030alf\\u00e6llesskab", "EKSF. Abkuerzung", "Europaiki Kinotitas Anfraka ke Haliva", "EKAH. Abkuerzung", "Europese Gemeenschap voor Kolen en Staal", "Europaeiske Kul- og Sta\\u030alfaelleskab", "Evropaiki Kinotita Anfraka ke Haliva", "Europejska Wspo\\u0301lnota We\\u0328gla i Stali"], "date_of_establishment": "18.04.1951", "authorized_access_point": "Europa\\u0308ische Gemeinschaft fu\\u0308r Kohle und Stahl", "biographical_information": ["Am 18. April 1951 durch den \\"Vertrag von Paris\\" gegru\\u0308ndet und am 23. Juli 1952 in Kraft getreten.", "1965 bis 2002 eine der drei \\"Europa\\u0308ischen Gemeinschaften\\" (nid 35439-9): \\"Europa\\u0308ische Gemeinschaft\\" (nid 5103087-1), \\"Europa\\u0308ische Atomgemeinschaft\\" (nid 1084-4) und \\"Europa\\u0308ische Gemeinschaft fu\\u0308r Kohle und Stahl\\" (nid 1003478-X).", "Der Vertrag, der fu\\u0308r die Dauer von 50 Jahren geschlossen worden war, lief am 23. Juli 2002 aus und wurde nicht verla\\u0308ngert."], "md5": "ca6c8208804adbe184758e2b031ea456", "$schema": "https://mef.rero.ch/schemas/agents_gnd/gnd-agent-v0.0.1.json"}	1
2023-04-26 05:33:02.645620+00:00	2023-04-26 05:33:02.645620+00:00	69bef427-59dd-42d4-b714-d73943b4b85d	{"pid": "00421952X", "bf:Agent": "bf:Organisation", "type": "bf:Organisation", "conference": false, "identifier": "http://d-nb.info/gnd/1034729-X", "variant_name": ["Universite\\u0301 de Paris-Sorbonne. Institut de Recherche sur les Civilisations de l'Occident Moderne", "Universite\\u0301 de Paris-Sorbonne. Institut de Recherches sur les Civilisations de l'Occident Moderne", "Institut des Recherches sur les Civilisations de l'Occident Moderne", "Universite\\u0301 de Paris-Sorbonne. Institut des Recherches sur les Civilisations de l'Occident Moderne", "Universite\\u0301 de Paris-Sorbonne. Institut des Recherches sur les Civilisations de l'Occident Moderne", "IRCOM", "Institut de Recherches sur les Civilisations de l'Occident Moderne", "Universite\\u0301 de Paris IV. Institut de Recherche sur les Civilisations de l'Occident Moderne", "Universite\\u0301 de Paris IV. Institut de Recherches sur les Civilisations de l'Occident Moderne", "Universite\\u0301 de Paris IV: Paris-Sorbonne. Institut de recherches sur les civilisations de l'Occident moderne", "Universite\\u0301 de Paris IV: Paris-Sorbonne. Institut de recherches sur la civilisation de l'Occident moderne", "Universite\\u0301 de Paris IV: Paris-Sorbonne. Institut de recherches sur l'Occident moderne", "Institut de recherches sur les civilisations de l'Occident moderne", "Institut de recherches sur la civilisation de l'Occident moderne", "Universite\\u0301 de Paris IV: Paris-Sorbonne. Institut de recherche sur les civilisations de l'Occident moderne", "IRCOM"], "preferred_name": "Institut de Recherche sur les Civilisations de l'Occident Moderne", "country_associated": "fr", "variant_access_point": ["Universite\\u0301 de Paris-Sorbonne. Institut de Recherche sur les Civilisations de l'Occident Moderne", "Universite\\u0301 de Paris-Sorbonne. Institut de Recherches sur les Civilisations de l'Occident Moderne", "Institut des Recherches sur les Civilisations de l'Occident Moderne. Paris", "Universite\\u0301 de Paris-Sorbonne. Institut des Recherches sur les Civilisations de l'Occident Moderne", "Universite\\u0301 de Paris-Sorbonne. Institut des Recherches sur les Civilisations de l'Occident Moderne. Paris", "IRCOM. Abkuerzung", "Institut de Recherches sur les Civilisations de l'Occident Moderne. Paris", "Universite\\u0301 de Paris IV. Institut de Recherche sur les Civilisations de l'Occident Moderne", "Universite\\u0301 de Paris IV. Institut de Recherches sur les Civilisations de l'Occident Moderne", "Universite\\u0301 de Paris IV: Paris-Sorbonne. Institut de recherches sur les civilisations de l'Occident moderne", "Universite\\u0301 de Paris IV: Paris-Sorbonne. Institut de recherches sur la civilisation de l'Occident moderne", "Universite\\u0301 de Paris IV: Paris-Sorbonne. Institut de recherches sur l'Occident moderne", "Institut de recherches sur les civilisations de l'Occident moderne. Universite\\u0301 de Paris IV: Paris-Sorbonne", "Institut de recherches sur la civilisation de l'Occident moderne. Universite\\u0301 de Paris IV: Paris-Sorbonne", "Universite\\u0301 de Paris IV: Paris-Sorbonne. Institut de recherche sur les civilisations de l'Occident moderne", "IRCOM. Institut de recherches sur les civilisations de l'Occident moderne"], "authorized_access_point": "Institut de Recherche sur les Civilisations de l'Occident Moderne. Paris", "md5": "e38da011cab151089e81a266b7c48e0b", "$schema": "https://mef.rero.ch/schemas/agents_gnd/gnd-agent-v0.0.1.json"}	1
2023-04-26 05:33:02.645667+00:00	2023-04-26 05:33:02.645667+00:00	47b2ec15-8482-4276-8d5c-3075d7b4f95c	{"pid": "007430779", "bf:Agent": "bf:Organisation", "type": "bf:Organisation", "conference": false, "identifier": "http://d-nb.info/gnd/2094183-3", "variant_name": ["Generaldirektion Wissenschaft", "Direcc\\u0327a\\u0303o-Geral de Estudos", "Generaldirektoratet for Forskning", "Directorate General for Research", "Direccio\\u0301n General de Estudios", "Direction Ge\\u0301ne\\u0301rale des Etudes", "Direzione Generale degli Studi", "Directoraat-Generaal Studiedienst", "Direction Ge\\u0301ne\\u0301rale de la Recherche", "Directoraat-Generaal Onderzoek", "Direzione Generale della Ricerca", "Genike\\u0304 Dieuthunse\\u0304 Meleto\\u0304n", "Europa\\u0308isches Parlament. Generalsekretariat. Generaldirektion Wissenschaft"], "preferred_name": "Europa\\u0308isches Parlament. Generaldirektion Wissenschaft", "date_of_termination": "XX.10.1993", "variant_access_point": ["Generaldirektion Wissenschaft", "Direcc\\u0327a\\u0303o-Geral de Estudos", "Generaldirektoratet for Forskning", "Directorate General for Research", "Direccio\\u0301n General de Estudios", "Direction Ge\\u0301ne\\u0301rale des Etudes", "Direzione Generale degli Studi", "Directoraat-Generaal Studiedienst", "Direction Ge\\u0301ne\\u0301rale de la Recherche", "Directoraat-Generaal Onderzoek", "Direzione Generale della Ricerca", "Genike\\u0304 Dieuthunse\\u0304 Meleto\\u0304n", "Europa\\u0308isches Parlament. Generalsekretariat. Generaldirektion Wissenschaft"], "date_of_establishment": "XX.XX.1985", "authorized_access_point": "Europa\\u0308isches Parlament. Generaldirektion Wissenschaft", "md5": "48b657674461a72f95e9aec05c4856c1", "$schema": "https://mef.rero.ch/schemas/agents_gnd/gnd-agent-v0.0.1.json"}	1
2023-04-26 05:33:02.645737+00:00	2023-04-26 05:33:02.645737+00:00	c491411c-7ba3-4eb1-9016-3a67a8e86c96	{"pid": "008046662", "bf:Agent": "bf:Organisation", "type": "bf:Organisation", "conference": true, "identifier": "http://d-nb.info/gnd/804666-9", "preferred_name": "Congre\\u0300s de Psychiatrie et de Neurologie de Langue Franc\\u0327aise, 78", "country_associated": "fr", "authorized_access_point": "Congre\\u0300s de Psychiatrie et de Neurologie de Langue Franc\\u0327aise, 78, 1980, Reims", "md5": "627c3f98eb00abbb3410bac3fb5d2cf5", "$schema": "https://mef.rero.ch/schemas/agents_gnd/gnd-agent-v0.0.1.json"}	1
2023-04-26 05:33:02.645766+00:00	2023-04-26 05:33:02.645766+00:00	ed990ca1-9188-4bc2-a7f7-83658d66d904	{"pid": "050534696", "bf:Agent": "bf:Organisation", "type": "bf:Organisation", "conference": false, "identifier": "http://d-nb.info/gnd/5053469-5", "variant_name": ["Chemin de fer d'Orle\\u0301ans", "Compagnie d'Orle\\u0301ans", "PO"], "preferred_name": "Compagnie du Chemin de Fer de Paris a\\u0300 Orle\\u0301ans", "country_associated": "fr", "date_of_termination": "31.12.1937", "variant_access_point": ["Chemin de fer d'Orle\\u0301ans", "Compagnie d'Orle\\u0301ans", "PO. Abkuerzung"], "date_of_establishment": "13.08.1838", "authorized_access_point": "Compagnie du Chemin de Fer de Paris a\\u0300 Orle\\u0301ans", "md5": "b195b029df427da8fa1582d793e1ee73", "$schema": "https://mef.rero.ch/schemas/agents_gnd/gnd-agent-v0.0.1.json"}	1
2023-04-26 05:33:02.645794+00:00	2023-04-26 05:33:02.645794+00:00	66eead9a-3242-4a5b-82a7-c9c8751b8040	{"pid": "051062763", "bf:Agent": "bf:Organisation", "type": "bf:Organisation", "conference": false, "identifier": "http://d-nb.info/gnd/16113016-1", "preferred_name": "Institut d'Administration des Entreprises", "country_associated": "fr", "authorized_access_point": "Institut d'Administration des Entreprises. Rennes", "md5": "63f10bcd9ac3313bd269c4b1abe3449a", "$schema": "https://mef.rero.ch/schemas/agents_gnd/gnd-agent-v0.0.1.json"}	1
2023-04-26 05:33:02.645827+00:00	2023-04-26 05:33:02.645827+00:00	1a23c2f2-c60c-4866-8f63-c1a2fa9c2001	{"pid": "100023754", "gender": "male", "bf:Agent": "bf:Person", "type": "bf:Person", "qualifier": "de Barbanson", "identifier": "http://d-nb.info/gnd/100023754", "variant_name": ["Konstantin, von Barbanson", "Barbanson, Konstantin von", "Constantine, of Barbanson", "Barbanson, Constantine", "Barbanson, Constantin de", "Constantinus, de Barbanson", "Barbanson, Constantinus de", "Constantinus, a Barbenc\\u0327on", "Constantin, de Barbanc\\u0327on", "Barbanc\\u0327on, Constantin de", "Constantin, de Barbenc\\u0327on", "Barbenc\\u0327on, Constantin de", "Paunet, The\\u0301odoric", "Paunet, Theodoricus", "Barbanc\\u0327on, Konstantyn"], "date_of_birth": "1582", "date_of_death": "26.11.1631", "preferred_name": "Constantin, de Barbanson", "country_associated": "ne", "variant_access_point": ["Konstantin, von Barbanson, 1582-1631", "Barbanson, Konstantin von, 1582-1631", "Constantine, of Barbanson, 1582-1631", "Barbanson, Constantine, 1582-1631", "Barbanson, Constantin de, 1582-1631", "Constantinus, de Barbanson, 1582-1631", "Barbanson, Constantinus de, 1582-1631", "Constantinus, a Barbenc\\u0327on, 1582-1631", "Constantin, de Barbanc\\u0327on, 1582-1631", "Barbanc\\u0327on, Constantin de, 1582-1631", "Constantin, de Barbenc\\u0327on, 1582-1631", "Barbenc\\u0327on, Constantin de, 1582-1631", "Paunet, The\\u0301odoric, 1582-1631", "Paunet, Theodoricus, 1582-1631", "Barbanc\\u0327on, Konstantyn, 1582-1631"], "authorized_access_point": "Constantin, de Barbanson, 1582-1631", "biographical_information": ["Prediger in Ko\\u0308ln; OFMCap; geb. in Barbanc\\u0327on (Hainaut, Belgien)"], "md5": "4519e9a266d9d60ad7217b4fa0739e15", "$schema": "https://mef.rero.ch/schemas/agents_gnd/gnd-agent-v0.0.1.json"}	1
2023-04-26 05:33:02.645862+00:00	2023-04-26 05:33:02.645862+00:00	83330d63-1b23-4742-bde3-37855bcb0d86	{"pid": "1019749911", "gender": "male", "bf:Agent": "bf:Person", "type": "bf:Person", "identifier": "http://d-nb.info/gnd/1019749911", "variant_name": ["Bourbon, Charles de", "Charles, Soissons, Comte"], "date_of_birth": "03.11.1566", "date_of_death": "01.11.1612", "preferred_name": "Soissons, Charles de Bourbon de", "variant_access_point": ["Bourbon, Charles de, 1566-1612", "Charles, Soissons, Comte, 1566-1612"], "authorized_access_point": "Soissons, Charles de Bourbon de, 1566-1612", "biographical_information": ["A\\u0308ltester Sohn von Louis de Bourbon, 1. prince de Conde\\u0301  (1530-69) aus 2. Ehe mit Ele\\u0301onore-Franc\\u0327oise  d'Orle\\u0301ans-Longueville (1549-1601); heiratete 1601 Anne  comtesse de Montafie\\u0301 (1577-1644);  Parteiga\\u0308nger zuerst der  Ligue u. Ko\\u0308nig Heinrichs III., dann Heinrichs von Navarra  (der ihm jedoch die Heirat mit seiner Schwester Catherine  versagte); 1602 Gouverneur des Dauphine\\u0301, 1610 der Normandie."], "md5": "c70cf5d4203b29b325b4cc146617f37e", "$schema": "https://mef.rero.ch/schemas/agents_gnd/gnd-agent-v0.0.1.json"}	1
2023-04-26 05:33:02.645893+00:00	2023-04-26 05:33:02.645893+00:00	cb526b06-ae0c-43d7-8a34-deb809cbdb4f	{"pid": "1020174943", "gender": "male", "bf:Agent": "bf:Person", "type": "bf:Person", "identifier": "http://d-nb.info/gnd/1020174943", "variant_name": ["Antin, Louis Antoine de Pardaillan de Gondrin d'", "Gondrin d'Antin, Louis Antoine de Pardaillan de", "Pardaillan de Gondrin, Louis Antoine de"], "date_of_birth": "05.09.1665", "date_of_death": "02.11.1736", "preferred_name": "Pardaillan de Gondrin d'Antin, Louis Antoine de", "country_associated": "fr", "variant_access_point": ["Antin, Louis Antoine de Pardaillan de Gondrin d', 1665-1736", "Gondrin d'Antin, Louis Antoine de Pardaillan de, 1665-1736", "Pardaillan de Gondrin, Louis Antoine de, 1665-1736"], "authorized_access_point": "Pardaillan de Gondrin d'Antin, Louis Antoine de, 1665-1736", "biographical_information": ["Sohn der Madame de Montespan mit  Louis-Henri de Montespan; 1701 kgl. Generalleutnant des  Elsa\\u00df; 1707 Gouverneur des Orle\\u0301anais; Directeur des Ba\\u0302timents du Roi, 1708-1736"], "md5": "900770f51439ff28a693c021775d3afe", "$schema": "https://mef.rero.ch/schemas/agents_gnd/gnd-agent-v0.0.1.json"}	1
2023-04-26 05:33:02.645920+00:00	2023-04-26 05:33:02.645920+00:00	e05e34dd-c42f-4c9c-b45f-53a6ab40bb45	{"pid": "1032371390", "bf:Agent": "bf:Organisation", "type": "bf:Organisation", "conference": false, "identifier": "http://d-nb.info/gnd/1032371390", "variant_name": ["Les Be\\u0301laisie\\u0300res et les Doudous de la Grande-Terre"], "preferred_name": "Les Be\\u0301laisie\\u0300res et les Doudous de la Grande Terre", "country_associated": "fr", "variant_access_point": ["Les Be\\u0301laisie\\u0300res et les Doudous de la Grande-Terre"], "authorized_access_point": "Les Be\\u0301laisie\\u0300res et les Doudous de la Grande Terre", "md5": "f8a56c7b4070eefacf6fa5d156577acc", "$schema": "https://mef.rero.ch/schemas/agents_gnd/gnd-agent-v0.0.1.json"}	1
2023-04-26 05:33:02.645963+00:00	2023-04-26 05:33:02.645963+00:00	d7c925e0-f49d-4589-ac6e-07614fdd4e4d	{"pid": "104189576", "bf:Agent": "bf:Person", "type": "bf:Person", "qualifier": "Spanien, Ko\\u0308nigin, 1662-1689", "identifier": "http://d-nb.info/gnd/104189576", "variant_name": ["Marie Luise, Espagne, reine", "Marie-Louise, Espagne, reine", "Marie Louise, d'Orle\\u0301ans", "Marie-Louise, d'Orle\\u0301ans", "Mari\\u0301a Luisa, de Orlea\\u0301ns", "Mari\\u0301a Luisa, de Orleans", "Maria Luisa, Spagna, Regina", "Mari\\u0301a Luisa, Espan\\u0303a, reina, 1662-1689"], "date_of_birth": "27.03.1662", "date_of_death": "12.02.1689", "preferred_name": "Maria Luisa, Spanien, Ko\\u0308nigin, 1662-1689", "country_associated": "sp", "variant_access_point": ["Marie Luise, Espagne, reine, 1662-1689", "Marie-Louise, Espagne, reine, 1662-1689", "Marie Louise, d'Orle\\u0301ans, 1662-1689", "Marie-Louise, d'Orle\\u0301ans, 1662-1689", "Mari\\u0301a Luisa, de Orlea\\u0301ns, 1662-1689", "Mari\\u0301a Luisa, de Orleans, 1662-1689", "Maria Luisa, Spagna, Regina, 1662-1689", "Mari\\u0301a Luisa, Espan\\u0303a, reina, 1662-1689, 1662-1689"], "authorized_access_point": "Maria Luisa, Spanien, Ko\\u0308nigin, 1662-1689, 1662-1689", "md5": "c781329d2a5f462fc0396cce0fb3c547", "$schema": "https://mef.rero.ch/schemas/agents_gnd/gnd-agent-v0.0.1.json"}	1
2023-04-26 05:33:02.645995+00:00	2023-04-26 05:33:02.645995+00:00	a004de43-da3a-4cd5-8133-553031532a99	{"pid": "1045857424", "bf:Agent": "bf:Person", "type": "bf:Person", "identifier": "http://d-nb.info/gnd/1045857424", "variant_name": ["Me\\u0301rault De Bizy, Athanase Rene\\u0301", "De Bizy, Athanase Rene\\u0301 Me\\u0301rault", "DeBizy, Athanase Rene\\u0301 Me\\u0301rault", "Bizy, Athanase Rene\\u0301 Me\\u0301rault de"], "date_of_birth": "1744", "date_of_death": "1835", "preferred_name": "Me\\u0301rault De Bizy, Athanase-Rene\\u0301", "country_associated": "fr", "variant_access_point": ["Me\\u0301rault De Bizy, Athanase Rene\\u0301, 1744-1835", "De Bizy, Athanase Rene\\u0301 Me\\u0301rault, 1744-1835", "DeBizy, Athanase Rene\\u0301 Me\\u0301rault, 1744-1835", "Bizy, Athanase Rene\\u0301 Me\\u0301rault de, 1744-1835"], "authorized_access_point": "Me\\u0301rault De Bizy, Athanase-Rene\\u0301, 1744-1835", "md5": "7176e23bcb1a2c39f28074bc75b2df0e", "$schema": "https://mef.rero.ch/schemas/agents_gnd/gnd-agent-v0.0.1.json"}	1
2023-04-26 05:33:02.646025+00:00	2023-04-26 05:33:02.646025+00:00	7b5e350e-1df9-4e58-aaca-a119aa71c352	{"pid": "1053083351", "bf:Agent": "bf:Person", "type": "bf:Person", "identifier": "http://d-nb.info/gnd/1053083351", "variant_name": ["Alfaro Lafuente, Manuel Ibo", "Alfaro y Lafuente, Manuel Ibo", "Alfaro, Manuel Ibo", "Ibo Alfaro y Lafuente, Manuel", "Ibo Alfaro, Manuel", "Ibo, Manuel"], "date_of_birth": "1828", "date_of_death": "1885", "preferred_name": "Ibo Alfaro Lafuente, Manuel", "country_associated": "sp", "variant_access_point": ["Alfaro Lafuente, Manuel Ibo, 1828-1885", "Alfaro y Lafuente, Manuel Ibo, 1828-1885", "Alfaro, Manuel Ibo, 1828-1885", "Ibo Alfaro y Lafuente, Manuel, 1828-1885", "Ibo Alfaro, Manuel, 1828-1885", "Ibo, Manuel, 1828-1885"], "authorized_access_point": "Ibo Alfaro Lafuente, Manuel, 1828-1885", "md5": "1320039a27729b3dc98f2424da6ca5e8", "$schema": "https://mef.rero.ch/schemas/agents_gnd/gnd-agent-v0.0.1.json"}	1
2023-04-26 05:33:02.646052+00:00	2023-04-26 05:33:02.646052+00:00	bdc1d7da-4385-46f4-a5e4-eda411c26060	{"pid": "1055101586", "bf:Agent": "bf:Person", "type": "bf:Person", "identifier": "http://d-nb.info/gnd/1055101586", "variant_name": ["Ormonde, ... of", "Ormonde, James Edward William Theobald Butler of"], "date_of_birth": "1844", "date_of_death": "1919", "preferred_name": "Butler, James Edward William Theobald", "country_associated": "xxk", "variant_access_point": ["Ormonde, ... of, 1844-1919", "Ormonde, James Edward William Theobald Butler of, 1844-1919"], "authorized_access_point": "Butler, James Edward William Theobald, 1844-1919", "md5": "f4c338c18ac5b9f61d4f220e260fa616", "$schema": "https://mef.rero.ch/schemas/agents_gnd/gnd-agent-v0.0.1.json"}	1
2023-04-26 05:33:02.646080+00:00	2023-04-26 05:33:02.646080+00:00	a87788cd-f5cd-42a0-be5b-40bdee2e85f9	{"pid": "1056901632", "bf:Agent": "bf:Person", "type": "bf:Person", "identifier": "http://d-nb.info/gnd/1056901632", "variant_name": ["Aranton D'Alex, Giovanni d'", "Alex, Jean d'Aranton d'", "Alex, Giovanni d'Aranton d'", "Arenthon, Jean d\\u2018Alex", "Arenthon d'Alex, Jean d', Bischof von Genf", "Alex, Jean d'Arenthon d', Bischof von Genf", "Jean, Bischof von Genf"], "date_of_birth": "1620", "date_of_death": "1695", "preferred_name": "Aranthon D'Alex, Jean d'", "country_associated": "sz", "variant_access_point": ["Aranton D'Alex, Giovanni d', 1620-1695", "Alex, Jean d'Aranton d', 1620-1695", "Alex, Giovanni d'Aranton d', 1620-1695", "Arenthon, Jean d\\u2018Alex, 1620-1695", "Arenthon d'Alex, Jean d', Bischof von Genf, 1620-1695", "Alex, Jean d'Arenthon d', Bischof von Genf, 1620-1695", "Jean, Bischof von Genf, 1620-1695"], "authorized_access_point": "Aranthon D'Alex, Jean d', 1620-1695", "biographical_information": ["Bischof von Genf"], "md5": "d27c839d02526ba14919875f450ffd86", "$schema": "https://mef.rero.ch/schemas/agents_gnd/gnd-agent-v0.0.1.json"}	1
2023-04-26 05:33:02.646106+00:00	2023-04-26 05:33:02.646106+00:00	0109b724-a9ca-4808-9800-d8f12db50903	{"pid": "1060580543", "bf:Agent": "bf:Person", "type": "bf:Person", "identifier": "http://d-nb.info/gnd/1060580543", "date_of_birth": "1851", "date_of_death": "1925", "preferred_name": "Avesne, E. d'", "country_associated": "fr", "authorized_access_point": "Avesne, E. d', 1851-1925", "md5": "16187e6d349f51e7d3b033561b1004ee", "$schema": "https://mef.rero.ch/schemas/agents_gnd/gnd-agent-v0.0.1.json"}	1
2023-04-26 05:33:02.646133+00:00	2023-04-26 05:33:02.646133+00:00	63df2808-30b0-470b-bfa0-99dae717ac18	{"pid": "1073132285", "gender": "male", "bf:Agent": "bf:Person", "type": "bf:Person", "identifier": "http://d-nb.info/gnd/1073132285", "date_of_birth": "08.10.1758", "date_of_death": "17.09.1832", "preferred_name": "Carelli, Francesco", "country_associated": "it", "authorized_access_point": "Carelli, Francesco, 1758-1832", "md5": "70069f4b0e2d6dbb0f14ed359c93b599", "$schema": "https://mef.rero.ch/schemas/agents_gnd/gnd-agent-v0.0.1.json"}	1
2023-04-26 05:33:02.646157+00:00	2023-04-26 05:33:02.646157+00:00	2ef207b2-c93b-4981-9037-5f6a2b0ef622	{"pid": "1089786255", "bf:Agent": "bf:Person", "type": "bf:Person", "identifier": "http://d-nb.info/gnd/1089786255", "variant_name": ["Cailler, Rodolphe"], "date_of_birth": "1561", "date_of_death": "1620", "preferred_name": "Cailler, Raoul", "variant_access_point": ["Cailler, Rodolphe, 1561-1620"], "authorized_access_point": "Cailler, Raoul, 1561-1620", "biographical_information": ["Dichter, Advokat im Parlament von Paris; aus Poitiers"], "md5": "1aa8943074c1f31484a0798893b6c17b", "$schema": "https://mef.rero.ch/schemas/agents_gnd/gnd-agent-v0.0.1.json"}	1
2023-04-26 05:33:02.646187+00:00	2023-04-26 05:33:02.646187+00:00	4c841a97-8adc-4cd3-a54a-14b91a0f0420	{"pid": "1117819884", "gender": "male", "bf:Agent": "bf:Person", "type": "bf:Person", "qualifier": "da San Giuseppe", "identifier": "http://d-nb.info/gnd/1117819884", "variant_name": ["Ange, de Saint-Joseph", "Angelo, da Utri", "Angelus, a S. Ioseph", "Angelus, a S. Joseph", "Angelus, a Sancto Josepho", "Angelus, a S. Josepho", "Saint-Joseph, Ange de", "San Giuseppe, Angelo da", "Sancto-Josepho, Angelus a", "Angelo, da San Giuseppe Ligure", "San Giuseppe Ligure, Angelo da", "Utri, Angelo da"], "date_of_birth": "1600", "preferred_name": "Angelo, da San Giuseppe", "country_associated": "it", "variant_access_point": ["Ange, de Saint-Joseph, 1600-", "Angelo, da Utri, 1600-", "Angelus, a S. Ioseph, 1600-", "Angelus, a S. Joseph, 1600-", "Angelus, a Sancto Josepho, 1600-", "Angelus, a S. Josepho, 1600-", "Saint-Joseph, Ange de, 1600-", "San Giuseppe, Angelo da, 1600-", "Sancto-Josepho, Angelus a, 1600-", "Angelo, da San Giuseppe Ligure, 1600-", "San Giuseppe Ligure, Angelo da, 1600-", "Utri, Angelo da, 1600-"], "authorized_access_point": "Angelo, da San Giuseppe, 1600-", "biographical_information": ["OCD 1617; Novizenmeister"], "md5": "b9b9b52976b47c581a2e73eb9ad5a291", "$schema": "https://mef.rero.ch/schemas/agents_gnd/gnd-agent-v0.0.1.json"}	1
2023-04-26 05:33:02.646238+00:00	2023-04-26 05:33:02.646238+00:00	eb98d1b0-b0e8-4c96-864e-bf2192f64310	{"pid": "11669355X", "gender": "male", "bf:Agent": "bf:Person", "type": "bf:Person", "identifier": "http://d-nb.info/gnd/11669355X", "variant_name": ["Franchi de Cavalieri, Pio", "Cavalieri, Pio Franchi de", "Franchi De'Cavalieri, Pio P.", "Franchi De'Cavalieri, Pietro", "Franchi-De'Cavalieri, Pio", "De'Cavalieri, Pio Franchi", "DeCavalieri, Pius Franchi", "De'Cavalieri, Pio F.", "Cavalieri, Franchi de", "Franchi de Cavalieri, Pius", "Franchi de Cavallieri, Pio", "Cavallieri, Pio Franchi de", "Cavalieri, Pio F. de'", "Cavalieri, Pio F.", "Franchi di Cavalieri, Pius", "Franchi de' Cavalieri, Pio", "Franchi de'Cavalieri, Pius", "Franchi de' Cavalieri, Pius", "Cavalieri, Pio Franchi de'", "Cavalieri, Pius Franchi de'", "Franchi De'Cavalieri, Pio Pietro"], "date_of_birth": "1869", "date_of_death": "1960", "preferred_name": "Franchi de'Cavalieri, Pio", "country_associated": "it", "variant_access_point": ["Franchi de Cavalieri, Pio, 1869-1960", "Cavalieri, Pio Franchi de, 1869-1960", "Franchi De'Cavalieri, Pio P., 1869-1960", "Franchi De'Cavalieri, Pietro, 1869-1960", "Franchi-De'Cavalieri, Pio, 1869-1960", "De'Cavalieri, Pio Franchi, 1869-1960", "DeCavalieri, Pius Franchi, 1869-1960", "De'Cavalieri, Pio F., 1869-1960", "Cavalieri, Franchi de, 1869-1960", "Franchi de Cavalieri, Pius, 1869-1960", "Franchi de Cavallieri, Pio, 1869-1960", "Cavallieri, Pio Franchi de, 1869-1960", "Cavalieri, Pio F. de', 1869-1960", "Cavalieri, Pio F., 1869-1960", "Franchi di Cavalieri, Pius, 1869-1960", "Franchi de' Cavalieri, Pio, 1869-1960", "Franchi de'Cavalieri, Pius, 1869-1960", "Franchi de' Cavalieri, Pius, 1869-1960", "Cavalieri, Pio Franchi de', 1869-1960", "Cavalieri, Pius Franchi de', 1869-1960", "Franchi De'Cavalieri, Pio Pietro, 1869-1960"], "authorized_access_point": "Franchi de'Cavalieri, Pio, 1869-1960", "biographical_information": ["Ital. Klass. Archa\\u0308ologe und Pala\\u0308ograph", "Studium der Philologie an der Universita\\u0308t Rom, 1921-1925 und 1927-1930 Pra\\u0308sident der    pa\\u0308pstlichen archa\\u0308ologischen Akademie in Rom, Kustos an der Vatikanischen    Bibliothek, 1929-1931 Leutnant des Souvera\\u0308nen Malteserordens., http://www.pacelli-edition.de/Biographie/427"], "md5": "2458335dc7cde79dd4fee8d1fd4de17c", "$schema": "https://mef.rero.ch/schemas/agents_gnd/gnd-agent-v0.0.1.json"}	1
2023-04-26 05:33:02.646274+00:00	2023-04-26 05:33:02.646274+00:00	cb0b209c-1d5b-4ddd-b3a2-c49e225cf544	{"pid": "117513601", "gender": "male", "bf:Agent": "bf:Person", "type": "bf:Person", "identifier": "http://d-nb.info/gnd/117513601", "variant_name": ["Fleuriau de Belleville, Louis Benjamin", "Fleuriau de Bellevue, Louis", "Belleville, Louis Fleuriau de", "Bellevue, Louis Benjamin Fleuriau de"], "date_of_birth": "1761", "date_of_death": "1852", "preferred_name": "Fleuriau de Bellevue, Louis Benjamin", "country_associated": "fr", "variant_access_point": ["Fleuriau de Belleville, Louis Benjamin, 1761-1852", "Fleuriau de Bellevue, Louis, 1761-1852", "Belleville, Louis Fleuriau de, 1761-1852", "Bellevue, Louis Benjamin Fleuriau de, 1761-1852"], "authorized_access_point": "Fleuriau de Bellevue, Louis Benjamin, 1761-1852", "biographical_information": ["Franzo\\u0308s. Gelehrter, Naturwissenschaftler und Geologe"], "md5": "7e50864e4dc686d971874e8237528a08", "$schema": "https://mef.rero.ch/schemas/agents_gnd/gnd-agent-v0.0.1.json"}	1
2023-04-26 05:33:02.646301+00:00	2023-04-26 05:33:02.646301+00:00	77f28452-df51-4f1c-9a2e-8bcd33d6d0f8	{"pid": "117588768", "gender": "male", "bf:Agent": "bf:Person", "type": "bf:Person", "identifier": "http://d-nb.info/gnd/117588768", "variant_name": ["Bernard, William Baile", "Bernard, William B.", "Bernard, William Bayle"], "date_of_birth": "1807", "date_of_death": "1875", "preferred_name": "Bernard, Bayle", "country_associated": "xxk", "variant_access_point": ["Bernard, William Baile, 1807-1875", "Bernard, William B., 1807-1875", "Bernard, William Bayle, 1807-1875"], "authorized_access_point": "Bernard, Bayle, 1807-1875", "md5": "7151d5ae7ead45842ca6ea20e92fc40d", "$schema": "https://mef.rero.ch/schemas/agents_gnd/gnd-agent-v0.0.1.json"}	1
2023-04-26 05:33:02.646327+00:00	2023-04-26 05:33:02.646327+00:00	30c420fd-63d2-4761-88cd-eae39c831e14	{"pid": "117671533", "gender": "male", "bf:Agent": "bf:Person", "type": "bf:Person", "identifier": "http://d-nb.info/gnd/117671533", "variant_name": ["Bagnano, Georgio Libri-", "Libri Bagnano, Georgio"], "date_of_birth": "1780", "date_of_death": "1835", "preferred_name": "Libri-Bagnano, Georgio", "country_associated": "gw", "variant_access_point": ["Bagnano, Georgio Libri-, 1780-1835", "Libri Bagnano, Georgio, 1780-1835"], "authorized_access_point": "Libri-Bagnano, Georgio, 1780-1835", "md5": "f2a35ba09e0571850a056974c7cc2105", "$schema": "https://mef.rero.ch/schemas/agents_gnd/gnd-agent-v0.0.1.json"}	1
2023-04-26 05:33:02.646354+00:00	2023-04-26 05:33:02.646354+00:00	28b5acc4-f3c8-4434-b16b-32e528243594	{"pid": "118095617", "bf:Agent": "bf:Person", "type": "bf:Person", "identifier": "http://d-nb.info/gnd/118095617", "variant_name": ["Ambly, Paul Boiteau d'", "Boiteau, Paul", "Boiteau D'Ambly, Dieudonne\\u0301 Alexandre Paul", "Ambly, Dieudonne\\u0301 Alexandre Paul Boiteau d'", "Boiteau, Dieudonne\\u0301 Alexandre Paul", "Boiteau, Dieudonne\\u0301-Alexandre-Paul"], "date_of_birth": "25.11.1830", "date_of_death": "11.06.1886", "preferred_name": "Boiteau D'Ambly, Paul", "country_associated": "fr", "variant_access_point": ["Ambly, Paul Boiteau d', 1830-1886", "Boiteau, Paul, 1830-1886", "Boiteau D'Ambly, Dieudonne\\u0301 Alexandre Paul, 1830-1886", "Ambly, Dieudonne\\u0301 Alexandre Paul Boiteau d', 1830-1886", "Boiteau, Dieudonne\\u0301 Alexandre Paul, 1830-1886", "Boiteau, Dieudonne\\u0301-Alexandre-Paul, 1830-1886"], "authorized_access_point": "Boiteau D'Ambly, Paul, 1830-1886", "md5": "68a5dd0c57d56359cb7951f13bc68c27", "$schema": "https://mef.rero.ch/schemas/agents_gnd/gnd-agent-v0.0.1.json"}	1
2023-04-26 05:33:02.646387+00:00	2023-04-26 05:33:02.646387+00:00	ee2dc7bb-9889-49f5-942a-340588a6eaf5	{"pid": "118666762", "gender": "male", "bf:Agent": "bf:Person", "type": "bf:Person", "identifier": "http://d-nb.info/gnd/118666762", "variant_name": ["Camerarius, Rudolf Jacob", "Camerarius, Rudolph Jakob", "Camerarius, Rudolph Jacob", "Camerer, Rudolf Jakob", "Camerer, Rudolph Jacob", "Camerarius, R. J.", "Camerarius, Rudolf", "Camerarius, Jacob Rudolph", "Camerarius, Rudolphus J.", "Camerer, Rudolph Jakob", "Camerarius, Rudolphus Jacobus", "Camerer, Rudolf Jacob", "Camerarius, R.J.", "Hector, II."], "date_of_birth": "12.02.1665", "date_of_death": "11.09.1721", "preferred_name": "Camerarius, Rudolf Jakob", "country_associated": "gw", "variant_access_point": ["Camerarius, Rudolf Jacob, 1665-1721", "Camerarius, Rudolph Jakob, 1665-1721", "Camerarius, Rudolph Jacob, 1665-1721", "Camerer, Rudolf Jakob, 1665-1721", "Camerer, Rudolph Jacob, 1665-1721", "Camerarius, R. J., 1665-1721", "Camerarius, Rudolf, 1665-1721", "Camerarius, Jacob Rudolph, 1665-1721", "Camerarius, Rudolphus J., 1665-1721", "Camerer, Rudolph Jakob, 1665-1721", "Camerarius, Rudolphus Jacobus, 1665-1721", "Camerer, Rudolf Jacob, 1665-1721", "Camerarius, R.J., 1665-1721", "Hector, II., 1665-1721"], "parallel_access_point": ["Camerarius, Rudolf Jakob, 1665-1721"], "authorized_access_point": "Camerarius, Rudolf Jakob, 1665-1721", "biographical_information": ["Dt. Mediziner und Botaniker; Direktor des botanischen Gartens und Prof. der Botanik und der Medizin in Tu\\u0308bingen"], "md5": "73f638d938d288977b7aed37315716b6", "$schema": "https://mef.rero.ch/schemas/agents_gnd/gnd-agent-v0.0.1.json"}	1
2023-04-26 05:33:02.646435+00:00	2023-04-26 05:33:02.646435+00:00	02b505b5-a2fa-46ed-96e7-6c0a96ed4663	{"pid": "119120674", "gender": "female", "bf:Agent": "bf:Person", "type": "bf:Person", "qualifier": "Preu\\u00dfen, Ko\\u0308nigin", "identifier": "http://d-nb.info/gnd/119120674", "variant_name": ["Elisabeth Christine, Braunschweig-Bevern, Herzogin", "Elisabet Christine, Preu\\u00dfen, Ko\\u0308nigin", "Elisabeth Christina, Preu\\u00dfen, Ko\\u0308nigin", "Elisabeth Christine, Braunschweig-Wolfenbu\\u0308ttel-Bevern, Herzogin", "Elisabeth Christine, Braunschweig-Lu\\u0308neburg-Bevern, Herzogin", "Elisabetha Christinae, Brunsvicum-Lunaeburgum, Ducissa", "Elisabeth Christine", "Elisabeth Christine, Braunschweig-Bevern, Prinzessin", "Elisabeth Christine, Braunschweig-Lu\\u0308neburg, Herzogin", "Elisabeth Christine, Braunschweig-Lu\\u0308neburg, Prinzessin", "Elisabetha Christiana, Preu\\u00dfen, Ko\\u0308nigin", "Elisabeth, Preu\\u00dfen, Ko\\u0308nigin"], "date_of_birth": "08.11.1715", "date_of_death": "13.01.1797", "preferred_name": "Elisabeth Christine, Preu\\u00dfen, Ko\\u0308nigin", "country_associated": "gw", "variant_access_point": ["Elisabeth Christine, Braunschweig-Bevern, Herzogin, 1715-1797", "Elisabet Christine, Preu\\u00dfen, Ko\\u0308nigin, 1715-1797", "Elisabeth Christina, Preu\\u00dfen, Ko\\u0308nigin, 1715-1797", "Elisabeth Christine, Braunschweig-Wolfenbu\\u0308ttel-Bevern, Herzogin, 1715-1797", "Elisabeth Christine, Braunschweig-Lu\\u0308neburg-Bevern, Herzogin, 1715-1797", "Elisabetha Christinae, Brunsvicum-Lunaeburgum, Ducissa, 1715-1797", "Elisabeth Christine, 1715-1797", "Elisabeth Christine, Braunschweig-Bevern, Prinzessin, 1715-1797", "Elisabeth Christine, Braunschweig-Lu\\u0308neburg, Herzogin, 1715-1797", "Elisabeth Christine, Braunschweig-Lu\\u0308neburg, Prinzessin, 1715-1797", "Elisabetha Christiana, Preu\\u00dfen, Ko\\u0308nigin, 1715-1797", "Elisabeth, Preu\\u00dfen, Ko\\u0308nigin, 1715-1797"], "authorized_access_point": "Elisabeth Christine, Preu\\u00dfen, Ko\\u0308nigin, 1715-1797", "md5": "533f6593298eb7c822730931827b0625", "$schema": "https://mef.rero.ch/schemas/agents_gnd/gnd-agent-v0.0.1.json"}	1
2023-04-26 05:33:02.646476+00:00	2023-04-26 05:33:02.646476+00:00	a7b9df25-7bb1-495f-aaab-84e1011313aa	{"pid": "119291088", "bf:Agent": "bf:Person", "type": "bf:Person", "language": ["lat"], "qualifier": "Mamertus", "identifier": "http://d-nb.info/gnd/119291088", "variant_name": ["Claudianus Ecdicius, Mamertus", "Claudianus, Viennensis", "Mamertus, Presbyter", "Mamertus, Viennensis", "Claudianus, Rhetor", "Claudianus, Philosoph", "Claudianus, von Vienne", "Mamertus, Claudius Ecdicius", "Ecdicius Mamertus, Claudianus", "Mamertus Claudianus, Presbyter", "Mamertus Claudianus, Viennensis", "Mamertus, Claudianus Ecdicius", "Claudianus Mamertus, Viennensis", "Claudianus Mamertus, Gallia, Presbyter", "Mam. Claud.", "Claudianus, Christian Writer", "Claudianus, Presbyter", "Mamerto, Claudiano", "Mamertinus, Claudius", "Mamertinus, ...", "Mamertus, Claudianus", "Claudianus Mamertus"], "date_of_death": "474", "preferred_name": "Claudianus, Mamertus", "variant_access_point": ["Claudianus Ecdicius, Mamertus, -474", "Claudianus, Viennensis, -474", "Mamertus, Presbyter, -474", "Mamertus, Viennensis, -474", "Claudianus, Rhetor, -474", "Claudianus, Philosoph, -474", "Claudianus, von Vienne, -474", "Mamertus, Claudius Ecdicius, -474", "Ecdicius Mamertus, Claudianus, -474", "Mamertus Claudianus, Presbyter, -474", "Mamertus Claudianus, Viennensis, -474", "Mamertus, Claudianus Ecdicius, -474", "Claudianus Mamertus, Viennensis, -474", "Claudianus Mamertus, Gallia, Presbyter, -474", "Mam. Claud., -474", "Claudianus, Christian Writer, -474", "Claudianus, Presbyter, -474", "Mamerto, Claudiano, -474", "Mamertinus, Claudius, -474", "Mamertinus, ..., -474", "Mamertus, Claudianus, -474", "Claudianus Mamertus, -474"], "authorized_access_point": "Claudianus, Mamertus, -474", "biographical_information": ["Rhetor, Philosoph u. Priester in Vienne"], "md5": "8e0a1d2b1c58465de7dc366c0374d178", "$schema": "https://mef.rero.ch/schemas/agents_gnd/gnd-agent-v0.0.1.json"}	1
2023-04-26 05:33:02.646508+00:00	2023-04-26 05:33:02.646508+00:00	b17c1854-4a57-4ab4-b165-65191b6fb463	{"pid": "122101359", "bf:Agent": "bf:Person", "type": "bf:Person", "identifier": "http://d-nb.info/gnd/122101359", "variant_name": ["Chapron, Nicolas", "Chapperon, Nicolas", "Chappron, Nicolas", "Chapron, Nicolaus"], "date_of_birth": "1612", "date_of_death": "1653", "preferred_name": "Chaperon, Nicolas", "country_associated": "fr", "variant_access_point": ["Chapron, Nicolas, 1612-1653", "Chapperon, Nicolas, 1612-1653", "Chappron, Nicolas, 1612-1653", "Chapron, Nicolaus, 1612-1653"], "authorized_access_point": "Chaperon, Nicolas, 1612-1653", "biographical_information": ["Franz. Maler, Stecher und Zeichner"], "md5": "705e3f20f0a05635bf954b92f7e9d501", "$schema": "https://mef.rero.ch/schemas/agents_gnd/gnd-agent-v0.0.1.json"}	1
2023-04-26 05:33:02.646543+00:00	2023-04-26 05:33:02.646543+00:00	415aabcb-5b95-4762-a05b-cfe415b85cde	{"pid": "12391664X", "bf:Agent": "bf:Person", "type": "bf:Person", "identifier": "http://d-nb.info/gnd/12391664X", "variant_name": ["Cavaleriis, Joannes Baptista de", "Cavalleris, Joannes Baptista de", "Cavaleriis, Joanes Baptista de", "Cavalleriis, Johannes Baptista de", "Cavalerius, Johannes Battista de", "Cavallerys, Johannes Baptista de", "Cavaleriis, Johannes Baptista de", "Cavalieri, Giovanni Battista de", "Cavallieri, Giovan Battista de", "Cavalleriis, Johannes Battista", "Cavallerius, Johannes Baptista", "Cavallerius, Joannes Baptista", "Cavalleriis, Johannes Baptista", "Cavallieri, Giovanni Battista", "Cavaleriis, Giovanni Battista", "Cavalleriis, Io. Baptista de", "Cavallieri, Giovanni Battista de", "Cavalerijs, Io. Baptista de", "Cavallieri, Giovanni B.", "Cavaleriis, Joannes B. de", "Cavallerius, Jo. B. de", "Cavalleriis, Joannes Baptista de", "Cavallerijs, Baptista de", "Cavalleriis, Giovanni Battista de", "Cavallieri, Giovanbattista de", "Cavallerius, Io. Bap.ta", "Cavalierii, Johannes Baptista de"], "date_of_birth": "ca. 1525", "date_of_death": "1601", "preferred_name": "Cavalieri, Giovanni Battista", "country_associated": "it", "variant_access_point": ["Cavaleriis, Joannes Baptista de, 1525-1601", "Cavalleris, Joannes Baptista de, 1525-1601", "Cavaleriis, Joanes Baptista de, 1525-1601", "Cavalleriis, Johannes Baptista de, 1525-1601", "Cavalerius, Johannes Battista de, 1525-1601", "Cavallerys, Johannes Baptista de, 1525-1601", "Cavaleriis, Johannes Baptista de, 1525-1601", "Cavalieri, Giovanni Battista de, 1525-1601", "Cavallieri, Giovan Battista de, 1525-1601", "Cavalleriis, Johannes Battista, 1525-1601", "Cavallerius, Johannes Baptista, 1525-1601", "Cavallerius, Joannes Baptista, 1525-1601", "Cavalleriis, Johannes Baptista, 1525-1601", "Cavallieri, Giovanni Battista, 1525-1601", "Cavaleriis, Giovanni Battista, 1525-1601", "Cavalleriis, Io. Baptista de, 1525-1601", "Cavallieri, Giovanni Battista de, 1525-1601", "Cavalerijs, Io. Baptista de, 1525-1601", "Cavallieri, Giovanni B., 1525-1601", "Cavaleriis, Joannes B. de, 1525-1601", "Cavallerius, Jo. B. de, 1525-1601", "Cavalleriis, Joannes Baptista de, 1525-1601", "Cavallerijs, Baptista de, 1525-1601", "Cavalleriis, Giovanni Battista de, 1525-1601", "Cavallieri, Giovanbattista de, 1525-1601", "Cavallerius, Io. Bap.ta, 1525-1601", "Cavalierii, Johannes Baptista de, 1525-1601"], "authorized_access_point": "Cavalieri, Giovanni Battista, 1525-1601", "biographical_information": ["Maler, Kupferstecher"], "md5": "e2e2571899828b9f8a955adc985d4b3f", "$schema": "https://mef.rero.ch/schemas/agents_gnd/gnd-agent-v0.0.1.json"}	1
2023-04-26 05:33:02.646585+00:00	2023-04-26 05:33:02.646585+00:00	b9757f15-f98d-4566-a902-2311059d764d	{"pid": "124813844", "bf:Agent": "bf:Person", "type": "bf:Person", "identifier": "http://d-nb.info/gnd/124813844", "variant_name": ["Catalani, Josephus", "Catalano, Giuseppe", "Catalanus, Josephus"], "date_of_birth": "1698", "date_of_death": "1764", "preferred_name": "Catalani, Giuseppe", "country_associated": "it", "variant_access_point": ["Catalani, Josephus, 1698-1764", "Catalano, Giuseppe, 1698-1764", "Catalanus, Josephus, 1698-1764"], "authorized_access_point": "Catalani, Giuseppe, 1698-1764", "biographical_information": ["Aus Paola, Wirkungsort Rom, Priester am Oratorio di San Girolamo della Carita; Ital. Gelehrter, Pater", "Theologe"], "md5": "bca5c0942e799d31e04137302b86e705", "$schema": "https://mef.rero.ch/schemas/agents_gnd/gnd-agent-v0.0.1.json"}	1
2023-04-26 05:33:02.646619+00:00	2023-04-26 05:33:02.646619+00:00	86dcd3d7-1cad-420b-af6d-9edf298c6ba9	{"pid": "124981933", "bf:Agent": "bf:Person", "type": "bf:Person", "identifier": "http://d-nb.info/gnd/124981933", "variant_name": ["Saint-Morys, Etienne Bourgevin Vialard de", "Saint-Morys, E\\u0301tienne Bourgelin Vialart de", "Saint-Morys, Vialart", "Vialart de Saint-Morys, E\\u0301tienne Bourgevin", "Bourgevin Vialart de Saint-Morys, E\\u0301tienne", "Vialard de Saint-Morys, Etienne Bourgevin", "Bourgevin Vialard de Saint-Morys, Etienne", "Saint-Morys, ... de", "St.-Morys, ... de", "Vialart-Saint-Morys, ... de", "Vialart-Saint-Morys, E\\u0301tienne de", "Vialart de St.-Morys, ... de", "Vialart de Saint-Morys, ... de", "Vialart de St.-Morys, E\\u0301tienne de", "Vialart de Saint-Morys, E\\u0301tienne de", "Bourgevin Vialard, E\\u0301tienne", "Vialard, E\\u0301tienne Bourgevin"], "date_of_birth": "1772", "date_of_death": "1817", "preferred_name": "Saint-Morys, E\\u0301tienne Bourgevin Vialart de", "variant_access_point": ["Saint-Morys, Etienne Bourgevin Vialard de, 1772-1817", "Saint-Morys, E\\u0301tienne Bourgelin Vialart de, 1772-1817", "Saint-Morys, Vialart, 1772-1817", "Vialart de Saint-Morys, E\\u0301tienne Bourgevin, 1772-1817", "Bourgevin Vialart de Saint-Morys, E\\u0301tienne, 1772-1817", "Vialard de Saint-Morys, Etienne Bourgevin, 1772-1817", "Bourgevin Vialard de Saint-Morys, Etienne, 1772-1817", "Saint-Morys, ... de, 1772-1817", "St.-Morys, ... de, 1772-1817", "Vialart-Saint-Morys, ... de, 1772-1817", "Vialart-Saint-Morys, E\\u0301tienne de, 1772-1817", "Vialart de St.-Morys, ... de, 1772-1817", "Vialart de Saint-Morys, ... de, 1772-1817", "Vialart de St.-Morys, E\\u0301tienne de, 1772-1817", "Vialart de Saint-Morys, E\\u0301tienne de, 1772-1817", "Bourgevin Vialard, E\\u0301tienne, 1772-1817", "Vialard, E\\u0301tienne Bourgevin, 1772-1817"], "authorized_access_point": "Saint-Morys, E\\u0301tienne Bourgevin Vialart de, 1772-1817", "md5": "bcfdef4494601b961c82d0f0c33a58d6", "$schema": "https://mef.rero.ch/schemas/agents_gnd/gnd-agent-v0.0.1.json"}	1
2023-04-26 05:33:02.646652+00:00	2023-04-26 05:33:02.646652+00:00	56935b9c-9d57-4f7f-a15f-d3e3b26e8eb3	{"pid": "129943495", "bf:Agent": "bf:Person", "type": "bf:Person", "identifier": "http://d-nb.info/gnd/129943495", "variant_name": ["Arnoult, Alexis E\\u0301tienne Pierre Henri", "Arnoult, Alexis E."], "date_of_birth": "1782", "date_of_death": "1860", "preferred_name": "Arnoult, Stephen", "variant_access_point": ["Arnoult, Alexis E\\u0301tienne Pierre Henri, 1782-1860", "Arnoult, Alexis E., 1782-1860"], "authorized_access_point": "Arnoult, Stephen, 1782-1860", "biographical_information": ["Franzo\\u0308s. Schriftsteller"], "md5": "27c834ff2df5175d55c96d4d9404d39c", "$schema": "https://mef.rero.ch/schemas/agents_gnd/gnd-agent-v0.0.1.json"}	1
2023-04-26 05:33:02.646681+00:00	2023-04-26 05:33:02.646681+00:00	1733f668-05d4-4b82-8008-0a3b2677032a	{"pid": "130672289", "bf:Agent": "bf:Person", "type": "bf:Person", "identifier": "http://d-nb.info/gnd/130672289", "variant_name": ["Cabannes Cauna, Bernard Augustin Henri Timothe\\u0301e de", "Cabannes de Cauna, Bernard Augustin Henri Timothe\\u0301e", "Cauna, Bernard Augustin de", "Cabannes, Bernard Augustin de Cauna", "Cauna, Bernard Augustin Henry Timothe\\u0301e de Cabannes de"], "date_of_birth": "1822", "date_of_death": "1883", "preferred_name": "Cauna, Bernard Augustin Henri Timothe\\u0301e de Cabannes de", "variant_access_point": ["Cabannes Cauna, Bernard Augustin Henri Timothe\\u0301e de, 1822-1883", "Cabannes de Cauna, Bernard Augustin Henri Timothe\\u0301e, 1822-1883", "Cauna, Bernard Augustin de, 1822-1883", "Cabannes, Bernard Augustin de Cauna, 1822-1883", "Cauna, Bernard Augustin Henry Timothe\\u0301e de Cabannes de, 1822-1883"], "authorized_access_point": "Cauna, Bernard Augustin Henri Timothe\\u0301e de Cabannes de, 1822-1883", "md5": "a06c89a218c1c3e8000ec853b00f3f77", "$schema": "https://mef.rero.ch/schemas/agents_gnd/gnd-agent-v0.0.1.json"}	1
2023-04-26 05:33:02.646712+00:00	2023-04-26 05:33:02.646712+00:00	b4211821-da48-4fd5-9ab3-70534a3293f7	{"pid": "131543334", "gender": "male", "bf:Agent": "bf:Person", "type": "bf:Person", "identifier": "http://d-nb.info/gnd/131543334", "variant_name": ["Serge\\u0304s, Manole\\u0304s", "Serge\\u0304s, M. G.", "Serge\\u0304s, Manole\\u0304s Geo\\u0304rg.", "Sergis, Manolis G.", "Sergis, Manolis", "Sergis, M. G."], "date_of_birth": "1957", "preferred_name": "Serge\\u0304s, Manole\\u0304s G.", "country_associated": "gr", "variant_access_point": ["Serge\\u0304s, Manole\\u0304s, 1957-", "Serge\\u0304s, M. G., 1957-", "Serge\\u0304s, Manole\\u0304s Geo\\u0304rg., 1957-", "Sergis, Manolis G., 1957-", "Sergis, Manolis, 1957-", "Sergis, M. G., 1957-"], "parallel_access_point": ["\\u03a3\\u03b5\\u0301\\u03c1\\u03b3\\u03b7\\u03c2, \\u039c\\u03b1\\u03bd\\u03c9\\u0301\\u03bb\\u03b7\\u03c2 \\u0393., 1957-"], "authorized_access_point": "Serge\\u0304s, Manole\\u0304s G., 1957-", "biographical_information": ["Forschungsschwerpunkt: Volkskunde; Griech. Philologe"], "md5": "f0b29dbd99152bbdfd0c8b3e2a5182d1", "$schema": "https://mef.rero.ch/schemas/agents_gnd/gnd-agent-v0.0.1.json"}	1
2023-04-26 05:33:02.646747+00:00	2023-04-26 05:33:02.646747+00:00	eee1d543-4f37-4056-9a00-122c65f0b263	{"pid": "143032704", "bf:Agent": "bf:Person", "type": "bf:Person", "identifier": "http://d-nb.info/gnd/143032704", "variant_name": ["Soyarslan, Cigdem"], "date_of_birth": "27.03.1983", "preferred_name": "Soyarslan, Cig\\u0306dem", "country_associated": "tu", "variant_access_point": ["Soyarslan, Cigdem, 1983-"], "authorized_access_point": "Soyarslan, Cig\\u0306dem, 1983-", "md5": "1e03373f27a2942b061b8095a1a7e2f0", "$schema": "https://mef.rero.ch/schemas/agents_gnd/gnd-agent-v0.0.1.json"}	1
2023-04-26 05:33:02.646776+00:00	2023-04-26 05:33:02.646776+00:00	d36025ad-525a-434f-a058-9f66eb410104	{"pid": "172759757", "bf:Agent": "bf:Person", "type": "bf:Person", "identifier": "http://d-nb.info/gnd/172759757", "variant_name": ["Arnoudt, Pierre Joseph", "Arnoudt, Pierre", "Arnold, Petrus", "Arnoudt, P. J.", "Arnoudt, P.", "Arnold, P. J.", "Arnold, Peter J.", "Arnold, Peter Joseph", "Arnold, Joseph", "Arnold, J.", "Arnoudt, Petrus", "Aernoudt, Pierre", "Arnoudt, Peter J.", "Arnoudt, Pierre Jean", "Arnold, Pierre", "Arnold, Josef"], "date_of_birth": "11.05.1811", "date_of_death": "29.07.1865", "preferred_name": "Arnoudt, Pierre J.", "variant_access_point": ["Arnoudt, Pierre Joseph, 1811-1865", "Arnoudt, Pierre, 1811-1865", "Arnold, Petrus, 1811-1865", "Arnoudt, P. J., 1811-1865", "Arnoudt, P., 1811-1865", "Arnold, P. J., 1811-1865", "Arnold, Peter J., 1811-1865", "Arnold, Peter Joseph, 1811-1865", "Arnold, Joseph, 1811-1865", "Arnold, J., 1811-1865", "Arnoudt, Petrus, 1811-1865", "Aernoudt, Pierre, 1811-1865", "Arnoudt, Peter J., 1811-1865", "Arnoudt, Pierre Jean, 1811-1865", "Arnold, Pierre, 1811-1865", "Arnold, Josef, 1811-1865"], "authorized_access_point": "Arnoudt, Pierre J., 1811-1865", "biographical_information": ["Vollsta\\u0308ndiger Vorname: Peter Joseph"], "md5": "decd08b015687926eb5d87ecb8d9f1d3", "$schema": "https://mef.rero.ch/schemas/agents_gnd/gnd-agent-v0.0.1.json"}	1
2023-04-26 05:33:02.646805+00:00	2023-04-26 05:33:02.646805+00:00	1d43c418-5187-430c-9961-3d459a99a08a	{"pid": "951795597", "bf:Agent": "bf:Organisation", "type": "bf:Organisation", "conference": false, "identifier": "http://d-nb.info/gnd/5230389-5", "variant_name": ["GN'R", "Guns and Roses"], "preferred_name": "Guns n' Roses", "country_associated": "xxu", "variant_access_point": ["GN'R. Abkuerzung", "Guns and Roses. Musikgruppe"], "date_of_establishment": "1985", "parallel_access_point": ["Guns n' Roses (Musical group)"], "authorized_access_point": "Guns n' Roses. Musikgruppe", "biographical_information": ["Hardrock-Band in wechselnder Besetzung um Axl Rose"], "md5": "ea791d12c7f5d78ccae03f5cf3d37c64", "$schema": "https://mef.rero.ch/schemas/agents_gnd/gnd-agent-v0.0.1.json"}	1
2023-04-26 05:33:02.646852+00:00	2023-04-26 05:33:02.646852+00:00	12089843-3080-4211-9549-a27d6804e340	{"pid": "969004222", "bf:Agent": "bf:Organisation", "type": "bf:Organisation", "conference": true, "identifier": "http://d-nb.info/gnd/1248506-8", "preferred_name": "Congre\\u0300s Litte\\u0301raire International", "country_associated": "fr", "authorized_access_point": "Congre\\u0300s Litte\\u0301raire International, 1878, Paris", "md5": "7e07811004fbb9d8caac926351810f0a", "$schema": "https://mef.rero.ch/schemas/agents_gnd/gnd-agent-v0.0.1.json"}	1
