2023-04-26 05:33:04.721658+00:00	2023-04-26 05:33:04.721658+00:00	eb2587ec-78d8-49f1-9e25-f33783de76ec	{"pid": "02638714X", "bf:Agent": "bf:Organisation", "type": "bf:Organisation", "language": ["fre"], "conference": false, "identifier": "http://www.idref.fr/02638714X", "variant_name": ["Centre de recherches sur l'Occident moderne ( Paris )", "Institut de recherche sur les civilisations de l'Occident moderne ( Paris )", "Universit\\u00e9 de Paris-Sorbonne. Institut de recherches sur les civilisations de l'Occident moderne", "IRCOM", "Sorbonne universit\\u00e9 ( Paris ). Institut de recherches sur les civilisations de l'Occident moderne"], "preferred_name": "Institut de recherches sur les civilisations de l'Occident moderne ( Paris )", "country_associated": "fr", "variant_access_point": ["Centre de recherches sur l'Occident moderne ( Paris )", "Institut de recherche sur les civilisations de l'Occident moderne ( Paris )", "Universit\\u00e9 de Paris-Sorbonne. Institut de recherches sur les civilisations de l'Occident moderne", "IRCOM", "Sorbonne universit\\u00e9 ( Paris ). Institut de recherches sur les civilisations de l'Occident moderne"], "authorized_access_point": "Institut de recherches sur les civilisations de l'Occident moderne ( Paris )", "biographical_information": ["Laboratoire associ\\u00e9 n\\u00b0 100 du C.N.R.S", "1, rue Victor Cousin, 75230 Paris Cedex 05", "L\\u2019Institut de Recherches sur les Civilisations de l\\u2019Occident Moderne (IRCOM) est une UFR de la Facult\\u00e9 des Lettres de Sorbonne Universit\\u00e9 consacr\\u00e9e \\u00e0 la recherche et \\u00e0 l\\u2019enseignement en Master et Doctorat. La finalit\\u00e9 de l\\u2019Institut est l\\u2019analyse des civilisations europ\\u00e9ennes depuis le d\\u00e9but du XIVe si\\u00e8cle jusqu\\u2019au XIXe si\\u00e8cle."], "md5": "6402fdecda66216505fd5d579118e20c", "$schema": "https://mef.rero.ch/schemas/agents_idref/idref-agent-v0.0.1.json"}	1
2023-04-26 05:33:04.721719+00:00	2023-04-26 05:33:04.721719+00:00	4474cc94-e4ae-4419-9140-24b28bc3370d	{"pid": "027483061", "bf:Agent": "bf:Organisation", "type": "bf:Organisation", "language": ["mul"], "conference": false, "identifier": "http://www.idref.fr/027483061", "relation_pid": {"type": "redirect_from", "value": "029057183"}, "variant_name": ["CECA", "Communaut\\u00e9s europ\\u00e9ennes. Communaut\\u00e9 europ\\u00e9enne du charbon et de l'acier", "ECSC", "EGKS", "Europ\\u00e4ische Gemeinschaft f\\u00fcr Kohle und Stahl", "European Coal and Steel Community", "Comunit\\u00e0 europea del carbone e dell'acciaio"], "preferred_name": "Communaut\\u00e9 europ\\u00e9enne du charbon et de l'acier", "variant_access_point": ["CECA", "Communaut\\u00e9s europ\\u00e9ennes. Communaut\\u00e9 europ\\u00e9enne du charbon et de l'acier", "ECSC", "EGKS", "Europ\\u00e4ische Gemeinschaft f\\u00fcr Kohle und Stahl", "European Coal and Steel Community", "Comunit\\u00e0 europea del carbone e dell'acciaio"], "date_of_establishment": "1951-04-18", "authorized_access_point": "Communaut\\u00e9 europ\\u00e9enne du charbon et de l'acier", "biographical_information": ["Cr\\u00e9\\u00e9e par le Trait\\u00e9 de Paris du 18-04-1951 ; \\u00e9tablie \\u00e0 Luxembourg le 25-08-1952. A cess\\u00e9 d'exister en 2002 aux termes d'une d\\u00e9cision de la Commission europ\\u00e9enne du 13-03-1991"], "md5": "6951cc133baf6ce64432d91737eb12c6", "$schema": "https://mef.rero.ch/schemas/agents_idref/idref-agent-v0.0.1.json"}	1
2023-04-26 05:33:04.721755+00:00	2023-04-26 05:33:04.721755+00:00	914b6e1a-6a6d-4b91-9478-079f3a75b5b1	{"pid": "02778259X", "bf:Agent": "bf:Organisation", "type": "bf:Organisation", "conference": false, "identifier": "http://www.idref.fr/02778259X", "preferred_name": "Van Halen ( groupe )", "authorized_access_point": "Van Halen ( groupe )", "biographical_information": ["Groupe hollandais de rock et hard-rock, cr\\u00e9\\u00e9 en 1974"], "md5": "6a5398336e50cb37fee2d4ae7d37161c", "$schema": "https://mef.rero.ch/schemas/agents_idref/idref-agent-v0.0.1.json"}	1
2023-04-26 05:33:04.721787+00:00	2023-04-26 05:33:04.721787+00:00	20e29732-746b-418c-8ddd-229651e1f219	{"pid": "028893670", "bf:Agent": "bf:Organisation", "type": "bf:Organisation", "language": ["mul"], "conference": false, "identifier": "http://www.idref.fr/028893670", "variant_name": ["Parlement europ\\u00e9en. Directorate-general for research", "European Parliament. Directorate General for Research", "European Parliament. General secretariat", "General secretariat of the European Parliament", "Parlement europ\\u00e9en. Generaldirektion Wissenschaft", "Parlemento europeo. Direcci\\u00f3n general de estudios", "Parlement europ\\u00e9en. Secr\\u00e9tariat g\\u00e9n\\u00e9ral. Direction g\\u00e9n\\u00e9rale des \\u00e9tudes"], "preferred_name": "Parlement europ\\u00e9en. Direction g\\u00e9n\\u00e9rale des \\u00e9tudes", "variant_access_point": ["Parlement europ\\u00e9en. Directorate-general for research", "European Parliament. Directorate General for Research", "European Parliament. General secretariat", "General secretariat of the European Parliament", "Parlement europ\\u00e9en. Generaldirektion Wissenschaft", "Parlemento europeo. Direcci\\u00f3n general de estudios", "Parlement europ\\u00e9en. Secr\\u00e9tariat g\\u00e9n\\u00e9ral. Direction g\\u00e9n\\u00e9rale des \\u00e9tudes"], "authorized_access_point": "Parlement europ\\u00e9en. Direction g\\u00e9n\\u00e9rale des \\u00e9tudes", "md5": "a7b3b8231652d323366176b74a493c13", "$schema": "https://mef.rero.ch/schemas/agents_idref/idref-agent-v0.0.1.json"}	1
2023-04-26 05:33:04.721823+00:00	2023-04-26 05:33:04.721823+00:00	f39caf2f-e346-43ed-8689-1d6d951790f7	{"pid": "029402360", "bf:Agent": "bf:Organisation", "type": "bf:Organisation", "language": ["fre"], "conference": false, "identifier": "http://www.idref.fr/029402360", "variant_name": ["Universit\\u00e9 scientifique et m\\u00e9dicale ( Grenoble ). Facult\\u00e9 de m\\u00e9decine", "Universit\\u00e9 scientifique et m\\u00e9dicale ( Grenoble ). UFR de m\\u00e9decine"], "preferred_name": "Universit\\u00e9 Joseph Fourier ( Grenoble ). UER de m\\u00e9decine", "country_associated": "fr", "date_of_termination": "1987-12-08", "variant_access_point": ["Universit\\u00e9 scientifique et m\\u00e9dicale ( Grenoble ). Facult\\u00e9 de m\\u00e9decine", "Universit\\u00e9 scientifique et m\\u00e9dicale ( Grenoble ). UFR de m\\u00e9decine"], "date_of_establishment": "1971", "authorized_access_point": "Universit\\u00e9 Joseph Fourier ( Grenoble ). UER de m\\u00e9decine", "biographical_information": ["Cette UER (devenue UFR) de m\\u00e9decine succ\\u00e8de \\u00e0 celle de l'Universit\\u00e9 de Grenoble, \\u00e0 la fondation de l'Universit\\u00e9 scientifique et m\\u00e9dicale de Grenoble 1 (rebaptis\\u00e9e depuis le 8 d\\u00e9cembre 1987 Universit\\u00e9 Joseph Fourier). Le terme \\"facult\\u00e9\\" est encore en usage sur les publications.", "Domaine de la Merci, place Commandant-Nale, 38700 La Tronche. T\\u00e9l. 04.76.63.71"], "md5": "e8ff7ade49d7565cfc1a9534f9c53668", "$schema": "https://mef.rero.ch/schemas/agents_idref/idref-agent-v0.0.1.json"}	1
2023-04-26 05:33:04.721856+00:00	2023-04-26 05:33:04.721856+00:00	50126912-685a-4baa-80d6-5d75642f68f7	{"pid": "030348722", "bf:Agent": "bf:Organisation", "type": "bf:Organisation", "language": ["ger"], "conference": false, "identifier": "http://www.idref.fr/030348722", "variant_name": ["Bundesverband der Betriebskrankenkassen ( RFA )"], "preferred_name": "Bundesverband der Betriebskrankenkassen ( Allemagne )", "country_associated": "gw", "variant_access_point": ["Bundesverband der Betriebskrankenkassen ( RFA )"], "date_of_establishment": "19XX", "authorized_access_point": "Bundesverband der Betriebskrankenkassen ( Allemagne )", "md5": "78c4215ee5efa97b60932729be73d44b", "$schema": "https://mef.rero.ch/schemas/agents_idref/idref-agent-v0.0.1.json"}	1
2023-04-26 05:33:04.721887+00:00	2023-04-26 05:33:04.721887+00:00	a497d4f8-e61a-4d59-ba98-533d35bb34fc	{"pid": "03227758X", "bf:Agent": "bf:Organisation", "type": "bf:Organisation", "language": ["fre"], "conference": false, "identifier": "http://www.idref.fr/03227758X", "variant_name": ["Camp d'internement de Compi\\u00e8gne-Royallieu", "Frontstalag 122 ( Compi\\u00e8gne, Oise )"], "preferred_name": "Camp de Compi\\u00e8gne-Royallieu", "country_associated": "fr", "variant_access_point": ["Camp d'internement de Compi\\u00e8gne-Royallieu", "Frontstalag 122 ( Compi\\u00e8gne, Oise )"], "date_of_establishment": "19XX", "authorized_access_point": "Camp de Compi\\u00e8gne-Royallieu", "md5": "ae7ae2f35fed85258e972fbe923c49a6", "$schema": "https://mef.rero.ch/schemas/agents_idref/idref-agent-v0.0.1.json"}	1
2023-04-26 05:33:04.721955+00:00	2023-04-26 05:33:04.721955+00:00	fabfcd89-b3d7-4bdd-848f-73b21676cdce	{"pid": "033967776", "bf:Agent": "bf:Person", "type": "bf:Person", "language": ["fre"], "identifier": "http://www.idref.fr/033967776", "variant_name": ["Boiteau, Dieudonn\\u00e9 Alexandre Paul", "Boiteau d'Ambly, Paul"], "date_of_birth": "1829-11-25", "date_of_death": "1886-06-11", "preferred_name": "Boiteau, Paul", "country_associated": "fr", "variant_access_point": ["Boiteau, Dieudonn\\u00e9 Alexandre Paul", "Boiteau d'Ambly, Paul"], "authorized_access_point": "Boiteau, Paul, 1829-1886", "biographical_information": ["\\u00c9conomiste. - \\u00c9diteur de livres pour enfants. - Ami de B\\u00e9ranger"], "md5": "4f6ccf703ab2ec4e33b64ba112f9b0f5", "$schema": "https://mef.rero.ch/schemas/agents_idref/idref-agent-v0.0.1.json"}	1
2023-04-26 05:33:04.721984+00:00	2023-04-26 05:33:04.721984+00:00	328f762e-cb37-4ae8-becb-df2a99c263ff	{"pid": "03459910X", "bf:Agent": "bf:Organisation", "type": "bf:Organisation", "language": ["eng"], "conference": false, "identifier": "http://www.idref.fr/03459910X", "variant_name": ["Guns N' Roses", "GNR"], "preferred_name": "Guns n'roses ( groupe )", "country_associated": "xxu", "variant_access_point": ["Guns N' Roses", "GNR"], "authorized_access_point": "Guns n'roses ( groupe )", "biographical_information": ["Groupe am\\u00e9ricain de musique rock"], "md5": "1704f46f97b38f795a3e49dfce13043a", "$schema": "https://mef.rero.ch/schemas/agents_idref/idref-agent-v0.0.1.json"}	1
2023-04-26 05:33:04.722013+00:00	2023-04-26 05:33:04.722013+00:00	18ceeed6-e443-4d70-81c9-2f5a24437ab1	{"pid": "034875891", "bf:Agent": "bf:Organisation", "type": "bf:Organisation", "language": ["mul"], "conference": false, "identifier": "http://www.idref.fr/034875891", "variant_name": ["DPM"], "preferred_name": "Derek Prince ministries", "variant_access_point": ["DPM"], "date_of_establishment": "19XX", "authorized_access_point": "Derek Prince ministries", "biographical_information": ["Derek Prince ministries international, PO box 19501, Charlotte, North Carolina. Derek Prince ministries France, route d'Oupia, BP 31, 34210 Olonzac"], "md5": "48394bbde464d6fd855f07866131cddd", "$schema": "https://mef.rero.ch/schemas/agents_idref/idref-agent-v0.0.1.json"}	1
2023-04-26 05:33:04.722040+00:00	2023-04-26 05:33:04.722040+00:00	7905e4f4-eec1-48f1-be8d-e70591443325	{"pid": "057286752", "bf:Agent": "bf:Person", "type": "bf:Person", "language": ["fre"], "identifier": "http://www.idref.fr/057286752", "variant_name": ["Objac, \\u00c9mile d'"], "date_of_birth": "18XX", "preferred_name": "Jacob, \\u00c9mile", "country_associated": "fr", "variant_access_point": ["Objac, \\u00c9mile d'"], "authorized_access_point": "Jacob, \\u00c9mile", "biographical_information": ["Professeur au lyc\\u00e9e Louis-le-Grand  (en 1885)"], "md5": "8f25785a7909c5a83920bd5622690520", "$schema": "https://mef.rero.ch/schemas/agents_idref/idref-agent-v0.0.1.json"}	1
2023-04-26 05:33:04.722072+00:00	2023-04-26 05:33:04.722072+00:00	0d1dc6b2-e950-49c2-9140-7cb0d0300e94	{"pid": "068979401", "bf:Agent": "bf:Person", "type": "bf:Person", "language": ["ita"], "identifier": "http://www.idref.fr/068979401", "variant_name": ["Cavalleri, Giovanni Battista", "Cavalleriis, Giovanni-Battista de", "Cavalieri, Giovanni-Battista de", "Cavallieri, Giovanni Battista", "Cavalieri, Giovanni-Battista", "Cavalerius, Joannes Baptista"], "date_of_birth": "1525", "date_of_death": "1601", "preferred_name": "Cavalieri, Giovanni Battista", "country_associated": "it", "variant_access_point": ["Cavalleri, Giovanni Battista", "Cavalleriis, Giovanni-Battista de", "Cavalieri, Giovanni-Battista de", "Cavallieri, Giovanni Battista", "Cavalieri, Giovanni-Battista", "Cavalerius, Joannes Baptista"], "parallel_access_point": ["Cavallerius, Joannes Baptista"], "authorized_access_point": "Cavalieri, Giovanni Battista, 1525-1601?", "biographical_information": ["Graveur italien, n\\u00e9 \\u00e0 Lagertale (Trentin) en 1525, mort \\u00e0 Rome en 1597 ou 1601. Il s'inspira de la mani\\u00e8re d'Aeneas Vico, mais il lui demeura inf\\u00e9rieur. Son oeuvre, tr\\u00e8s important, comprend plus de 380 planches, dont la plupart reproduisent les ouvrages des grands ma\\u00eetres italiens et portent le monogramme CB."], "md5": "ed80da81d243b60e34aea301ce59072b", "$schema": "https://mef.rero.ch/schemas/agents_idref/idref-agent-v0.0.1.json"}	1
2023-04-26 05:33:04.722102+00:00	2023-04-26 05:33:04.722102+00:00	b65d2b57-f84c-4b48-bb60-b15ae5c14f35	{"pid": "069632421", "bf:Agent": "bf:Organisation", "type": "bf:Organisation", "language": ["fre"], "conference": false, "identifier": "http://www.idref.fr/069632421", "preferred_name": "Institut d'Administration des Entreprises de Rennes", "country_associated": "fr", "date_of_establishment": "19XX", "authorized_access_point": "Institut d'Administration des Entreprises de Rennes", "biographical_information": ["IGR-IAE de Rennes 11, rue Jean Mac\\u00e9 CS 70803 35708 Rennes cedex 7"], "md5": "04521c1a89a2b4a830517d4e95b50c57", "$schema": "https://mef.rero.ch/schemas/agents_idref/idref-agent-v0.0.1.json"}	1
2023-04-26 05:33:04.722129+00:00	2023-04-26 05:33:04.722129+00:00	d7e53504-bfb8-465c-aae6-6730fd4e61e7	{"pid": "069774331", "bf:Agent": "bf:Person", "type": "bf:Person", "language": ["fre"], "qualifier": "grammairien", "identifier": "http://www.idref.fr/069774331", "variant_name": ["Brissaeus, Nicolaus", "Brisset, Nicolas"], "date_of_death": "1540", "preferred_name": "Briss\\u00e9, Nicolas, grammairien", "country_associated": "fr", "variant_access_point": ["Brissaeus, Nicolaus, ....-1540", "Brisset, Nicolas, ....-1540"], "authorized_access_point": "Briss\\u00e9, Nicolas, ....-1540, grammairien", "biographical_information": ["Grammairien"], "md5": "d1cb6643e5c9d8abcc4a50b7731a2063", "$schema": "https://mef.rero.ch/schemas/agents_idref/idref-agent-v0.0.1.json"}	1
2023-04-26 05:33:04.722157+00:00	2023-04-26 05:33:04.722157+00:00	c6c0fa9b-4af9-4db7-b4de-139c9b4b2ace	{"pid": "070483981", "bf:Agent": "bf:Person", "type": "bf:Person", "language": ["lat"], "identifier": "http://www.idref.fr/070483981", "variant_name": ["Mamertus, Claudianus", "Claudianus Mamertus"], "date_of_death": "0474", "preferred_name": "Mamert, Claudien", "variant_access_point": ["Mamertus, Claudianus", "Claudianus Mamertus"], "parallel_access_point": ["Mamertus, Claudianus Edicius, ....-0474"], "authorized_access_point": "Mamert, Claudien, ....-0474", "biographical_information": ["Pr\\u00eatre de Vienne en Dauphin\\u00e9 et po\\u00e8te philosophe chr\\u00e9tien. Auteur de \\"De statu animae\\" (De l'\\u00e9tat d'\\u00e2me). Fr\\u00e8re de saint Mamert."], "md5": "33966875af2df5767254ff4df8e34897", "$schema": "https://mef.rero.ch/schemas/agents_idref/idref-agent-v0.0.1.json"}	1
2023-04-26 05:33:04.722185+00:00	2023-04-26 05:33:04.722185+00:00	c7791580-e102-4952-b545-3d6607b86669	{"pid": "071579478", "bf:Agent": "bf:Organisation", "type": "bf:Organisation", "language": ["fre"], "conference": false, "identifier": "http://www.idref.fr/071579478", "preferred_name": "Congr\\u00e8s des \\u00e9conomistes de langue fran\\u00e7aise", "authorized_access_point": "Congr\\u00e8s des \\u00e9conomistes de langue fran\\u00e7aise ( 21 ; 1961 ; Paris )", "md5": "a9835b7c7226a3a2831947b1dee46d7c", "$schema": "https://mef.rero.ch/schemas/agents_idref/idref-agent-v0.0.1.json"}	1
2023-04-26 05:33:04.722221+00:00	2023-04-26 05:33:04.722221+00:00	d67973e5-faed-47f8-9926-1954841ef8de	{"pid": "071593462", "bf:Agent": "bf:Organisation", "type": "bf:Organisation", "language": ["fre"], "conference": false, "identifier": "http://www.idref.fr/071593462", "preferred_name": "Congr\\u00e8s des \\u00e9conomistes de langue fran\\u00e7aise", "authorized_access_point": "Congr\\u00e8s des \\u00e9conomistes de langue fran\\u00e7aise ( 20 ; 1960 ; Paris )", "md5": "7b933f2385042ed70494c1e1cabde408", "$schema": "https://mef.rero.ch/schemas/agents_idref/idref-agent-v0.0.1.json"}	1
2023-04-26 05:33:04.722249+00:00	2023-04-26 05:33:04.722249+00:00	57fb00a3-8eb2-4d36-a084-3fdaef27fd5d	{"pid": "073462012", "bf:Agent": "bf:Person", "type": "bf:Person", "language": ["ita"], "identifier": "http://www.idref.fr/073462012", "variant_name": ["Franchi de' Cavalieri, Pius", "De' Cavalieri, Pio Franchi", "Cavalieri, Pio Franchi de'"], "date_of_birth": "1869", "date_of_death": "1960", "preferred_name": "Franchi de' Cavalieri, Pio Petro", "country_associated": "it", "variant_access_point": ["Franchi de' Cavalieri, Pius", "De' Cavalieri, Pio Franchi", "Cavalieri, Pio Franchi de'"], "authorized_access_point": "Franchi de' Cavalieri, Pio Petro, 1869-1960", "md5": "2bdbbd66bf934a8e03b90dff8fddabaa", "$schema": "https://mef.rero.ch/schemas/agents_idref/idref-agent-v0.0.1.json"}	1
2023-04-26 05:33:04.722291+00:00	2023-04-26 05:33:04.722291+00:00	13adc605-b9f1-4073-992d-c9e894c416bc	{"pid": "073668818", "bf:Agent": "bf:Organisation", "type": "bf:Organisation", "language": ["mon"], "conference": false, "identifier": "http://www.idref.fr/073668818", "variant_name": ["\\u0411\\u041d\\u041c\\u0410\\u0423 \\u0428\\u0438\\u043d\\u0436\\u043b\\u044d\\u0445 \\u0423\\u0445\\u0430\\u0430\\u043d\\u044b \\u0410\\u043a\\u0430\\u0434\\u0435\\u043c\\u0438. \\u0422\\u04af\\u04af\\u0445\\u0438\\u0439\\u043d \\u0425\\u04af\\u0440\\u044d\\u044d\\u043b\\u044d\\u043d ( Oulan-Bator, Mongolie )", "Mongolyn \\u0160in\\u017el\\u00e8h uhaany Akademi. T\\u00f9\\u00f9hijn h\\u00f9r\\u00e8\\u00e8l\\u00e8n", "Mongol ulsyn \\u0160in\\u017el\\u00e8h uhaany Akademi. T\\u00f9\\u00f9hijn h\\u00f9r\\u00e8\\u00e8l\\u00e8n", "BNMAU-yn \\u0160in\\u017el\\u00e8h uhaany Akademi. T\\u00f9\\u00f9hijn h\\u00f9r\\u00e8\\u00e8l\\u00e8n", "BNMAU \\u0160in\\u017el\\u00e8h uhaany Akademi. T\\u00f9\\u00f9hijn h\\u00f9r\\u00e8\\u00e8l\\u00e8n", "\\u0422\\u04af\\u04af\\u0445\\u0438\\u0439\\u043d \\u0425\\u04af\\u0440\\u044d\\u044d\\u043b\\u044d\\u043d", "T\\u00f9\\u00f9hijn h\\u00f9r\\u00e8\\u00e8l\\u00e8n", "\\u0410\\u043a\\u0430\\u0434\\u0435\\u043c\\u0438\\u044f \\u043d\\u0430\\u0443\\u043a \\u041c\\u043e\\u043d\\u0433\\u043e\\u043b\\u044c\\u0441\\u043a\\u043e\\u0439 \\u043d\\u0430\\u0440\\u043e\\u0434\\u043d\\u043e\\u0439 \\u0440\\u0435\\u0441\\u043f\\u0443\\u0431\\u043b\\u0438\\u043a\\u0438. \\u0418\\u043d\\u0441\\u0442\\u0438\\u0442\\u0443\\u0442 \\u0438\\u0441\\u0442\\u043e\\u0440\\u0438\\u0438", "Akademi\\u00e2 nauk Mongol\\u02b9skoj narodnoj respubliki. Institut istorii", "\\u041c\\u043e\\u043d\\u0433\\u043e\\u043b\\u044b\\u043d \\u0428\\u0438\\u043d\\u0436\\u043b\\u044d\\u0445 \\u0423\\u0445\\u0430\\u0430\\u043d\\u044b \\u0410\\u043a\\u0430\\u0434\\u0435\\u043c\\u0438. \\u0422\\u04af\\u04af\\u0445\\u0438\\u0439\\u043d \\u0425\\u04af\\u0440\\u044d\\u044d\\u043b\\u044d\\u043d", "Mongolyn Shinzhl\\u0117kh Ukhaany Akademi. Tu\\u0307u\\u0307khi\\u012dn Khu\\u0307r\\u0117\\u0117l\\u0117n"], "preferred_name": "BNMAU \\u0160in\\u017el\\u00e8h Uhaany Akademi. T\\u00f9\\u00f9hijn h\\u00f9r\\u00e8\\u00e8l\\u00e8n ( Oulan-Bator, Mongolie )", "country_associated": "mp", "variant_access_point": ["Mongolyn \\u0160in\\u017el\\u00e8h uhaany Akademi. T\\u00f9\\u00f9hijn h\\u00f9r\\u00e8\\u00e8l\\u00e8n", "Mongol ulsyn \\u0160in\\u017el\\u00e8h uhaany Akademi. T\\u00f9\\u00f9hijn h\\u00f9r\\u00e8\\u00e8l\\u00e8n", "BNMAU-yn \\u0160in\\u017el\\u00e8h uhaany Akademi. T\\u00f9\\u00f9hijn h\\u00f9r\\u00e8\\u00e8l\\u00e8n", "BNMAU \\u0160in\\u017el\\u00e8h uhaany Akademi. T\\u00f9\\u00f9hijn h\\u00f9r\\u00e8\\u00e8l\\u00e8n", "\\u0422\\u04af\\u04af\\u0445\\u0438\\u0439\\u043d \\u0425\\u04af\\u0440\\u044d\\u044d\\u043b\\u044d\\u043d", "T\\u00f9\\u00f9hijn h\\u00f9r\\u00e8\\u00e8l\\u00e8n", "\\u0410\\u043a\\u0430\\u0434\\u0435\\u043c\\u0438\\u044f \\u043d\\u0430\\u0443\\u043a \\u041c\\u043e\\u043d\\u0433\\u043e\\u043b\\u044c\\u0441\\u043a\\u043e\\u0439 \\u043d\\u0430\\u0440\\u043e\\u0434\\u043d\\u043e\\u0439 \\u0440\\u0435\\u0441\\u043f\\u0443\\u0431\\u043b\\u0438\\u043a\\u0438. \\u0418\\u043d\\u0441\\u0442\\u0438\\u0442\\u0443\\u0442 \\u0438\\u0441\\u0442\\u043e\\u0440\\u0438\\u0438", "Akademi\\u00e2 nauk Mongol\\u02b9skoj narodnoj respubliki. Institut istorii", "\\u041c\\u043e\\u043d\\u0433\\u043e\\u043b\\u044b\\u043d \\u0428\\u0438\\u043d\\u0436\\u043b\\u044d\\u0445 \\u0423\\u0445\\u0430\\u0430\\u043d\\u044b \\u0410\\u043a\\u0430\\u0434\\u0435\\u043c\\u0438. \\u0422\\u04af\\u04af\\u0445\\u0438\\u0439\\u043d \\u0425\\u04af\\u0440\\u044d\\u044d\\u043b\\u044d\\u043d", "Mongolyn Shinzhl\\u0117kh Ukhaany Akademi. Tu\\u0307u\\u0307khi\\u012dn Khu\\u0307r\\u0117\\u0117l\\u0117n"], "authorized_access_point": "BNMAU \\u0160in\\u017el\\u00e8h Uhaany Akademi. T\\u00f9\\u00f9hijn h\\u00f9r\\u00e8\\u00e8l\\u00e8n ( Oulan-Bator, Mongolie )", "biographical_information": ["Institut d'histoire de l'Acad\\u00e9mie des sciences mongoles"], "md5": "0a473ec20f9f4a724800b1813d2ce23f", "$schema": "https://mef.rero.ch/schemas/agents_idref/idref-agent-v0.0.1.json"}	1
2023-04-26 05:33:04.722334+00:00	2023-04-26 05:33:04.722334+00:00	9f9bb72d-255f-407e-9c2b-64aa8510f511	{"pid": "074087061", "bf:Agent": "bf:Person", "type": "bf:Person", "language": ["fre"], "identifier": "http://www.idref.fr/074087061", "date_of_birth": "1851", "date_of_death": "1925", "preferred_name": "Avesne, E. d'", "country_associated": "fr", "authorized_access_point": "Avesne, E. d', 1851-1925", "md5": "20ff4eb07fb708404d1731d8ec3eb908", "$schema": "https://mef.rero.ch/schemas/agents_idref/idref-agent-v0.0.1.json"}	1
2023-04-26 05:33:04.722364+00:00	2023-04-26 05:33:04.722364+00:00	80864ca7-0013-4b4c-ad34-41445a0a5ce9	{"pid": "075825686", "bf:Agent": "bf:Organisation", "type": "bf:Organisation", "language": ["fre"], "conference": false, "identifier": "http://www.idref.fr/075825686", "relation_pid": {"type": "redirect_from", "value": "08602020X"}, "variant_name": ["Compagnie d'Orl\\u00e9ans ( France )", "Chemins de fer Paris-Orl\\u00e9ans", "Chemins de fer d'Orl\\u00e9ans", "Paris-Orl\\u00e9ans", "PO"], "preferred_name": "Compagnie du chemin de fer de Paris \\u00e0 Orl\\u00e9ans", "country_associated": "fr", "date_of_termination": "1938", "variant_access_point": ["Compagnie d'Orl\\u00e9ans ( France )", "Chemins de fer Paris-Orl\\u00e9ans", "Chemins de fer d'Orl\\u00e9ans", "Paris-Orl\\u00e9ans", "PO"], "date_of_establishment": "1838-08-13", "authorized_access_point": "Compagnie du chemin de fer de Paris \\u00e0 Orl\\u00e9ans", "biographical_information": ["Compagnie fond\\u00e9e en 1838, qui \\u00e9tendra son r\\u00e9seau jusque dans le sud de la France. Fusionne en 1934 avec la Compagnie du Midi. Son r\\u00e9seau est nationalis\\u00e9 en 1938 et elle devient une soci\\u00e9t\\u00e9 financi\\u00e8re puis une banque (Paris Orl\\u00e9ans)"], "md5": "5183942b91320cc8ec4ccb8f5f58715a", "$schema": "https://mef.rero.ch/schemas/agents_idref/idref-agent-v0.0.1.json"}	1
2023-04-26 05:33:04.722396+00:00	2023-04-26 05:33:04.722396+00:00	69d84af2-6257-4556-b04d-b0f588436759	{"pid": "076515788", "bf:Agent": "bf:Organisation", "type": "bf:Organisation", "language": ["mul"], "conference": false, "identifier": "http://www.idref.fr/076515788", "variant_name": ["Congr\\u00e8s litt\\u00e9raire international de la protection de la propri\\u00e9t\\u00e9 litt\\u00e9raire dans les rapports internationaux"], "preferred_name": "Congr\\u00e8s litt\\u00e9raire international", "country_associated": "fr", "date_of_termination": "1878-06-18", "variant_access_point": ["Congr\\u00e8s litt\\u00e9raire international de la protection de la propri\\u00e9t\\u00e9 litt\\u00e9raire dans les rapports internationaux"], "date_of_establishment": "1878-06-06", "authorized_access_point": "Congr\\u00e8s litt\\u00e9raire international ( 1878 ; Paris )", "md5": "9aea71758d8655ff3f9eeb3d28d839c7", "$schema": "https://mef.rero.ch/schemas/agents_idref/idref-agent-v0.0.1.json"}	1
2023-04-26 05:33:04.722436+00:00	2023-04-26 05:33:04.722436+00:00	16621c69-dea7-451d-99f1-2c1176fdbcfb	{"pid": "076675246", "bf:Agent": "bf:Person", "type": "bf:Person", "language": ["fre"], "qualifier": "g\\u00e9ologue", "identifier": "http://www.idref.fr/076675246", "date_of_birth": "19XX", "preferred_name": "Chesney, Marc, g\\u00e9ologue", "country_associated": "fr", "authorized_access_point": "Chesney, Marc, 19..-...., g\\u00e9ologue", "biographical_information": ["Titulaire d'une th\\u00e8se de docteur ing\\u00e9nieur en g\\u00e9ologie, Toulouse (1981)"], "md5": "13c7adb65e64fa12f37101a68aca757e", "$schema": "https://mef.rero.ch/schemas/agents_idref/idref-agent-v0.0.1.json"}	1
2023-04-26 05:33:04.722468+00:00	2023-04-26 05:33:04.722468+00:00	65f729e5-f595-4b8c-bbc0-bcdbcd429856	{"pid": "077723953", "bf:Agent": "bf:Organisation", "type": "bf:Organisation", "language": ["fre"], "conference": false, "identifier": "http://www.idref.fr/077723953", "preferred_name": "Congr\\u00e8s des \\u00e9conomistes de langue fran\\u00e7aise", "country_associated": "fr", "date_of_termination": "1959", "date_of_establishment": "1959", "authorized_access_point": "Congr\\u00e8s des \\u00e9conomistes de langue fran\\u00e7aise ( 19 ; 1959 ; Paris )", "md5": "f54d90f68a3f5b7a4825e7f627fddd62", "$schema": "https://mef.rero.ch/schemas/agents_idref/idref-agent-v0.0.1.json"}	1
2023-04-26 05:33:04.722496+00:00	2023-04-26 05:33:04.722496+00:00	f3f10233-0e27-46fb-ba9d-bf33536002b4	{"pid": "078047315", "bf:Agent": "bf:Organisation", "type": "bf:Organisation", "language": ["fre"], "conference": false, "identifier": "http://www.idref.fr/078047315", "variant_name": ["CIRE Nord", "Nord-Pas-de-Calais. Cellule interr\\u00e9gionale d'\\u00e9pid\\u00e9miologie Nord"], "preferred_name": "Cellule interr\\u00e9gionale d'\\u00e9pid\\u00e9miologie Nord", "country_associated": "fr", "variant_access_point": ["CIRE Nord", "Nord-Pas-de-Calais. Cellule interr\\u00e9gionale d'\\u00e9pid\\u00e9miologie Nord"], "date_of_establishment": "19XX", "authorized_access_point": "Cellule interr\\u00e9gionale d'\\u00e9pid\\u00e9miologie Nord", "md5": "c0e1996bfe0abc5dac9c6c54307f3b93", "$schema": "https://mef.rero.ch/schemas/agents_idref/idref-agent-v0.0.1.json"}	1
2023-04-26 05:33:04.722522+00:00	2023-04-26 05:33:04.722522+00:00	f7680857-4e29-4bcb-a81d-ca428cfcfdd8	{"pid": "078061911", "bf:Agent": "bf:Organisation", "type": "bf:Organisation", "conference": false, "identifier": "http://www.idref.fr/078061911", "preferred_name": "Man and women's lover", "country_associated": "fr", "date_of_establishment": "19XX", "authorized_access_point": "Man and women's lover", "biographical_information": ["Groupe de vari\\u00e9t\\u00e9s antillaises"], "md5": "598a2d7db775b909a605547638766db2", "$schema": "https://mef.rero.ch/schemas/agents_idref/idref-agent-v0.0.1.json"}	1
2023-04-26 05:33:04.722550+00:00	2023-04-26 05:33:04.722550+00:00	bd599bd2-dfc2-415e-839b-622cccce0a98	{"pid": "078069084", "bf:Agent": "bf:Organisation", "type": "bf:Organisation", "conference": false, "identifier": "http://www.idref.fr/078069084", "variant_name": ["G\\u00fcrzenich Orchester K\\u00f6ln", "Orchestre du G\\u00fcrzenich de Cologne", "Orchestre de l'op\\u00e9ra de Cologne"], "preferred_name": "G\\u00fcrzenich-Orchester K\\u00f6lner Philharmoniker", "country_associated": "gw", "variant_access_point": ["G\\u00fcrzenich Orchester K\\u00f6ln", "Orchestre du G\\u00fcrzenich de Cologne", "Orchestre de l'op\\u00e9ra de Cologne"], "date_of_establishment": "1857", "authorized_access_point": "G\\u00fcrzenich-Orchester K\\u00f6lner Philharmoniker", "biographical_information": ["Succ\\u00e8de \\u00e0 la Musikalische Gesellschaft (1812-) qui avait fusionn\\u00e9 en 1827 avec le Singverein pour former la Konzertgesellschaft. Assure les services de l'Op\\u00e9ra de Cologne", "Adresse : Bischofsgartenstr. 1, D-50667 K\\u00f6ln. Contact : 0221.2.21.2.24.37. T\\u00e9l\\u00e9copie : 0221.2.1.2.38.00", "Kreutzer, Konradin, direction (1840-1842)"], "md5": "5f9b15c98fef9cd99c05d552ebe40d03", "$schema": "https://mef.rero.ch/schemas/agents_idref/idref-agent-v0.0.1.json"}	1
2023-04-26 05:33:04.722583+00:00	2023-04-26 05:33:04.722583+00:00	fd440b80-6dea-4c77-860b-6c5381aa04e4	{"pid": "078633907", "bf:Agent": "bf:Person", "type": "bf:Person", "language": ["fre"], "identifier": "http://www.idref.fr/078633907", "relation_pid": {"type": "redirect_from", "value": "142901776"}, "variant_name": ["Arnoux, St\\u00e9phen", "St\\u00e9phen", "A***, St\\u00e9phen, pseudonyme", "Alexis, pseudonyme", "Alexis, M"], "date_of_birth": "1782-02-22", "date_of_death": "1860?", "preferred_name": "Arnoult, St\\u00e9phen", "country_associated": "fr", "variant_access_point": ["Arnoux, St\\u00e9phen", "St\\u00e9phen", "A***, St\\u00e9phen, pseudonyme", "Alexis, pseudonyme", "Alexis, M"], "authorized_access_point": "Arnoult, St\\u00e9phen, 1782-1860?", "biographical_information": ["Auteur dramatique du 19e si\\u00e8cle, po\\u00e8te, chansonnier, romancier"], "md5": "c3ca5cadb6ec8f375ade8b5ecc8913d5", "$schema": "https://mef.rero.ch/schemas/agents_idref/idref-agent-v0.0.1.json"}	1
2023-04-26 05:33:04.722638+00:00	2023-04-26 05:33:04.722638+00:00	12ba5dda-812b-4aa3-afa3-ca2c83eaf3e6	{"pid": "079206557", "bf:Agent": "bf:Organisation", "type": "bf:Organisation", "conference": false, "identifier": "http://www.idref.fr/079206557", "preferred_name": "Universal ( Groupe de vari\\u00e9t\\u00e9s antillaises )", "country_associated": "fr", "date_of_establishment": "19XX", "authorized_access_point": "Universal ( Groupe de vari\\u00e9t\\u00e9s antillaises )", "biographical_information": ["Uger, Ariste, chant"], "md5": "eaff4a4ea9b248b122103cd7b3b71aa3", "$schema": "https://mef.rero.ch/schemas/agents_idref/idref-agent-v0.0.1.json"}	1
2023-04-26 05:33:04.722683+00:00	2023-04-26 05:33:04.722683+00:00	dadefc67-e41c-43f9-a026-290b9408babf	{"pid": "079491251", "bf:Agent": "bf:Organisation", "type": "bf:Organisation", "language": ["eng"], "conference": false, "identifier": "http://www.idref.fr/079491251", "preferred_name": "Ultimation", "country_associated": "xxu", "date_of_establishment": "19XX", "authorized_access_point": "Ultimation", "biographical_information": ["D\\u00e9veloppeur de logiciels de loisir", "Adresse : 204 G street, suite 202, 94952 Petaluma, CA"], "md5": "d83ad619b831b410660208de5d1489d6", "$schema": "https://mef.rero.ch/schemas/agents_idref/idref-agent-v0.0.1.json"}	1
2023-04-26 05:33:04.722714+00:00	2023-04-26 05:33:04.722714+00:00	9f8f7988-d0c9-4bbf-a225-a16ecfb53c5b	{"pid": "08049188X", "bf:Agent": "bf:Organisation", "type": "bf:Organisation", "conference": false, "identifier": "http://www.idref.fr/08049188X", "preferred_name": "Les B\\u00e9laisi\\u00e8res", "country_associated": "fr", "date_of_establishment": "19XX", "authorized_access_point": "Les B\\u00e9laisi\\u00e8res", "biographical_information": ["Groupe de musique Guadeloup\\u00e9en"], "md5": "9015267edf96f2623b592a4f480a7745", "$schema": "https://mef.rero.ch/schemas/agents_idref/idref-agent-v0.0.1.json"}	1
2023-04-26 05:33:04.722740+00:00	2023-04-26 05:33:04.722740+00:00	0928324c-b42e-45eb-befb-90f413450624	{"pid": "080491898", "bf:Agent": "bf:Organisation", "type": "bf:Organisation", "conference": false, "identifier": "http://www.idref.fr/080491898", "preferred_name": "Les Doudous de la Grande Terre", "country_associated": "fr", "date_of_establishment": "19XX", "authorized_access_point": "Les Doudous de la Grande Terre", "biographical_information": ["Groupe de musique Guadeloup\\u00e9en"], "md5": "9e4ab98e0575e6b2497f02bf2ce8044f", "$schema": "https://mef.rero.ch/schemas/agents_idref/idref-agent-v0.0.1.json"}	1
2023-04-26 05:33:04.722782+00:00	2023-04-26 05:33:04.722782+00:00	4b5218e7-6f42-4fb1-a102-5139cb26a5ac	{"pid": "080715060", "bf:Agent": "bf:Organisation", "type": "bf:Organisation", "conference": false, "identifier": "http://www.idref.fr/080715060", "preferred_name": "Cour des grand", "country_associated": "cf", "date_of_establishment": "19XX", "authorized_access_point": "Cour des grand", "biographical_information": ["Groupe de vari\\u00e9t\\u00e9s congolaises"], "md5": "6b636543a70e9dc539fd3d8934cf02e5", "$schema": "https://mef.rero.ch/schemas/agents_idref/idref-agent-v0.0.1.json"}	1
2023-04-26 05:33:04.722809+00:00	2023-04-26 05:33:04.722809+00:00	80034fed-9769-4ddb-961d-3406336f3724	{"pid": "080785425", "bf:Agent": "bf:Organisation", "type": "bf:Organisation", "conference": false, "identifier": "http://www.idref.fr/080785425", "variant_name": ["Cloud"], "preferred_name": "C-Loud", "country_associated": "xx", "variant_access_point": ["Cloud"], "date_of_establishment": "19XX", "authorized_access_point": "C-Loud", "biographical_information": ["Groupe de rock", "Larsen, Lory, chant"], "md5": "82b5c820173968f7e06b6bdd768facd8", "$schema": "https://mef.rero.ch/schemas/agents_idref/idref-agent-v0.0.1.json"}	1
2023-04-26 05:33:04.722835+00:00	2023-04-26 05:33:04.722835+00:00	b8f8cf5b-2f9e-403d-85ec-159091d540cb	{"pid": "080809197", "bf:Agent": "bf:Organisation", "type": "bf:Organisation", "conference": false, "identifier": "http://www.idref.fr/080809197", "preferred_name": "Lenny Dee versus DJ Paul", "country_associated": "xx", "date_of_establishment": "19XX", "authorized_access_point": "Lenny Dee versus DJ Paul", "biographical_information": ["Duo instrumental. Techno Hardcore", "Dee, Lenny, synth\\u00e9tiseur (19..-....)"], "md5": "3492b5d796ccd05ab52c8ae4f8763db4", "$schema": "https://mef.rero.ch/schemas/agents_idref/idref-agent-v0.0.1.json"}	1
2023-04-26 05:33:04.722861+00:00	2023-04-26 05:33:04.722861+00:00	98b34b13-2f37-44be-9e5b-ad17fb5bd51b	{"pid": "080826660", "bf:Agent": "bf:Organisation", "type": "bf:Organisation", "conference": false, "identifier": "http://www.idref.fr/080826660", "variant_name": ["Triaca bum bum Alchemic folk orchestra"], "preferred_name": "Alchemic folk orchestra", "country_associated": "it", "variant_access_point": ["Triaca bum bum Alchemic folk orchestra"], "date_of_establishment": "19XX", "authorized_access_point": "Alchemic folk orchestra", "biographical_information": ["Groupe vocal et instrumental de musique populaire de Lombardie (Italie)", "Zuffi, Stefano, vielle \\u00e0 roue, violon, mandoline"], "md5": "3ca61ad9d03e11fea197dddab99efcde", "$schema": "https://mef.rero.ch/schemas/agents_idref/idref-agent-v0.0.1.json"}	1
2023-04-26 05:33:04.722888+00:00	2023-04-26 05:33:04.722888+00:00	00a771f6-4860-4008-aefd-a94c4eb6c7c9	{"pid": "080852629", "bf:Agent": "bf:Organisation", "type": "bf:Organisation", "conference": false, "identifier": "http://www.idref.fr/080852629", "preferred_name": "Pipe Trio", "country_associated": "xx", "date_of_establishment": "19XX", "authorized_access_point": "Pipe Trio", "biographical_information": ["Groupe instrumental de jazz et open music", "Koglmann, Franz, bugle"], "md5": "9f86abb7130d03f6efbf780a1e6002f2", "$schema": "https://mef.rero.ch/schemas/agents_idref/idref-agent-v0.0.1.json"}	1
2023-04-26 05:33:04.722913+00:00	2023-04-26 05:33:04.722913+00:00	fbf4732e-49c4-48aa-ad6d-d0fe7de803a3	{"pid": "081337418", "bf:Agent": "bf:Organisation", "type": "bf:Organisation", "language": ["fre"], "conference": false, "identifier": "http://www.idref.fr/081337418", "preferred_name": "Congr\\u00e8s des \\u00e9conomistes de langue fran\\u00e7aise", "country_associated": "fr", "date_of_termination": "1934", "date_of_establishment": "1934", "authorized_access_point": "Congr\\u00e8s des \\u00e9conomistes de langue fran\\u00e7aise ( 02 ; 1934 ; Paris )", "md5": "6203ed892d77c7a180dec3647bfecb14", "$schema": "https://mef.rero.ch/schemas/agents_idref/idref-agent-v0.0.1.json"}	1
2023-04-26 05:33:04.722946+00:00	2023-04-26 05:33:04.722946+00:00	f93df2b4-b8cf-41ed-afb4-92bd9ff88f76	{"pid": "081589093", "bf:Agent": "bf:Person", "type": "bf:Person", "language": ["fre"], "qualifier": "duc d'", "identifier": "http://www.idref.fr/081589093", "relation_pid": {"type": "redirect_from", "value": "150248199"}, "variant_name": ["Gondrin de Pardaillan de Montespan, Louis-Antoine de", "Pardaillan de Montespan, Louis-Antoine de Gondrin de", "Montespan, Louis-Antoine de Pardaillan de Gondrin de"], "date_of_birth": "1665-09-05", "date_of_death": "1736-11-02", "preferred_name": "Antin, Louis-Antoine de Pardaillan, duc d'", "country_associated": "fr", "variant_access_point": ["Gondrin de Pardaillan de Montespan, Louis-Antoine de, 1665-1736", "Pardaillan de Montespan, Louis-Antoine de Gondrin de, 1665-1736", "Montespan, Louis-Antoine de Pardaillan de Gondrin de, 1665-1736"], "authorized_access_point": "Antin, Louis-Antoine de Pardaillan, 1665-1736, duc d'", "biographical_information": ["Fils l\\u00e9gitime de Louis-Henri de Pardaillan de Gondrin, marquis de Montespan, et d\\u2019Ath\\u00e9na\\u00efs de Montespan. Marquis d'Antin, de Gondrin et de Montespan (1701) ; premier duc d'Antin (1711), titre auquel il renonce en 1722 au profit de son petit-fils. - Gouverneur d'Orl\\u00e9ans (1707). Surintendant des B\\u00e2timents du Roi (1708). Lieutenant g\\u00e9n\\u00e9ral et gouverneur de la province d'Alsace"], "md5": "409b861ca1da3fe7049534392e2c3576", "$schema": "https://mef.rero.ch/schemas/agents_idref/idref-agent-v0.0.1.json"}	1
2023-04-26 05:33:04.722977+00:00	2023-04-26 05:33:04.722977+00:00	56d511fb-eb65-458a-bf7c-3687fb759ac5	{"pid": "081780931", "bf:Agent": "bf:Person", "type": "bf:Person", "language": ["ger"], "identifier": "http://www.idref.fr/081780931", "variant_name": ["Brockdorff, Cay Ludwig Georg Conrad, baron von"], "date_of_birth": "1874-04-17", "date_of_death": "1946-01-29", "preferred_name": "Brockdorff, Cay", "country_associated": "gw", "variant_access_point": ["Brockdorff, Cay Ludwig Georg Conrad, baron von"], "authorized_access_point": "Brockdorff, Cay, 1874-1946", "biographical_information": ["Philosophe et sociologue"], "md5": "55bf96e49dd697fa9e6c8313f7a5d922", "$schema": "https://mef.rero.ch/schemas/agents_idref/idref-agent-v0.0.1.json"}	1
2023-04-26 05:33:04.723011+00:00	2023-04-26 05:33:04.723011+00:00	546e781b-cf09-477c-8c21-8ea7bb53f0cc	{"pid": "081816529", "bf:Agent": "bf:Person", "type": "bf:Person", "language": ["ger"], "qualifier": "reine de Prusse", "identifier": "http://www.idref.fr/081816529", "variant_name": ["Elisabeth Christine, Queen, consort of Frederick II, King of Prussia", "\\u00c9lisabeth-Christine de Brunswick Wolfenbuttel, reine de Prusse", "Brunswick-Wolfenbuttel, isabeth-Christine de, eine de Prusse", "Elisabeth-Christine von Braunschweig-Bevern, reine de Prusse", "Braunschweig-Bevern, Elisabeth-Christine von, reine de Prusse"], "date_of_birth": "1715-11-08", "date_of_death": "1797-01-13", "preferred_name": "Elisabeth Christine, reine de Prusse", "variant_access_point": ["Elisabeth Christine, 1715-1797, Queen, consort of Frederick II, King of Prussia", "\\u00c9lisabeth-Christine de Brunswick Wolfenbuttel, reine de Prusse", "Brunswick-Wolfenbuttel, isabeth-Christine de, eine de Prusse", "Elisabeth-Christine von Braunschweig-Bevern, reine de Prusse", "Braunschweig-Bevern, Elisabeth-Christine von, reine de Prusse"], "authorized_access_point": "Elisabeth Christine, 1715-1797, reine de Prusse", "biographical_information": ["Fille du duc Ferdinand Albert II de Brunswick-Wolfenb\\u00fcttel, et ni\\u00e8ce de Charles VI du Saint-Empire. - \\u00c9pouse Fr\\u00e9d\\u00e9ric II de Prusse en 1733"], "md5": "42b278ad8c30f81924f3fdcf4513e82b", "$schema": "https://mef.rero.ch/schemas/agents_idref/idref-agent-v0.0.1.json"}	1
2023-04-26 05:33:04.723052+00:00	2023-04-26 05:33:04.723052+00:00	584f2593-0345-4d08-9c1a-991f3b864489	{"pid": "08233367X", "bf:Agent": "bf:Organisation", "type": "bf:Organisation", "conference": false, "identifier": "http://www.idref.fr/08233367X", "preferred_name": "Voci di a Gravona", "country_associated": "fr", "date_of_establishment": "19XX", "authorized_access_point": "Voci di a Gravona", "biographical_information": ["Groupe vocal de polyphonie corse"], "md5": "24b1ddb42b31cbebc7bb2cf9c9438403", "$schema": "https://mef.rero.ch/schemas/agents_idref/idref-agent-v0.0.1.json"}	1
2023-04-26 05:33:04.723076+00:00	2023-04-26 05:33:04.723076+00:00	ce00fd31-4bbd-4a94-aba8-9f6b7fac443b	{"pid": "083442774", "bf:Agent": "bf:Organisation", "type": "bf:Organisation", "language": ["fre"], "conference": false, "identifier": "http://www.idref.fr/083442774", "preferred_name": "Congr\\u00e8s de psychiatrie et de neurologie de langue fran\\u00e7aise", "country_associated": "fr", "date_of_establishment": "1980", "authorized_access_point": "Congr\\u00e8s de psychiatrie et de neurologie de langue fran\\u00e7aise ( 78 ; 1980 ; Reims )", "md5": "621574b5f5f171d2fb39c82f8e0254a3", "$schema": "https://mef.rero.ch/schemas/agents_idref/idref-agent-v0.0.1.json"}	1
2023-04-26 05:33:04.723101+00:00	2023-04-26 05:33:04.723101+00:00	fd4fdcbc-5e54-4b46-ae3c-4b3426a6175f	{"pid": "085209910", "bf:Agent": "bf:Person", "type": "bf:Person", "language": ["lat"], "identifier": "http://www.idref.fr/085209910", "date_of_birth": "1665-02-12", "date_of_death": "1721-09-11", "preferred_name": "Camerarius, Rudolf Jakob", "country_associated": "gw", "authorized_access_point": "Camerarius, Rudolf Jakob, 1665-1721", "biographical_information": ["Botaniste et m\\u00e9decin"], "md5": "4e7c55f2a8a16e27cdf222359a8c6bdb", "$schema": "https://mef.rero.ch/schemas/agents_idref/idref-agent-v0.0.1.json"}	1
2023-04-26 05:33:04.723125+00:00	2023-04-26 05:33:04.723125+00:00	133569ab-19c0-49af-904c-0931311159ae	{"pid": "085649562", "bf:Agent": "bf:Organisation", "type": "bf:Organisation", "conference": false, "identifier": "http://www.idref.fr/085649562", "preferred_name": "Le Party d'\\u00c9dith", "country_associated": "xxc", "date_of_establishment": "19XX", "authorized_access_point": "Le Party d'\\u00c9dith", "biographical_information": ["Groupe vocal et instrumental"], "md5": "47158d5d8a31bcbb3064caf78acb630c", "$schema": "https://mef.rero.ch/schemas/agents_idref/idref-agent-v0.0.1.json"}	1
2023-04-26 05:33:04.723149+00:00	2023-04-26 05:33:04.723149+00:00	11b6bc5b-332e-47a8-a680-974ce28551d9	{"pid": "086912909", "bf:Agent": "bf:Organisation", "type": "bf:Organisation", "conference": false, "identifier": "http://www.idref.fr/086912909", "preferred_name": "I Cantori di Carpino", "country_associated": "it", "date_of_establishment": "19XX", "authorized_access_point": "I Cantori di Carpino", "biographical_information": ["Groupe vocal et instrumental de musique traditionnelle italienne, interpr\\u00e8te de tarentelles", "Adresse : Carpino (Italie)", "Di Mauro, Marco, chant, guitare"], "md5": "afce189175273e924ba2b96331fac5e0", "$schema": "https://mef.rero.ch/schemas/agents_idref/idref-agent-v0.0.1.json"}	1
2023-04-26 05:33:04.723177+00:00	2023-04-26 05:33:04.723177+00:00	1d3bf9d4-885d-4b94-9a33-3e27ded9b262	{"pid": "087876035", "bf:Agent": "bf:Person", "type": "bf:Person", "language": ["fre"], "qualifier": "baron de", "identifier": "http://www.idref.fr/087876035", "variant_name": ["Cauna, Bernard-Augustin de Cabannes, baron de", "Cabannes, Bernard-Augustin-Henri-Timoth\\u00e9e", "Cabannes, Bernard-Augustin de"], "date_of_birth": "1822", "date_of_death": "1883-10-22", "preferred_name": "Cauna, Bernard-Augustin-Henri-Timoth\\u00e9e de Cabannes, baron de", "country_associated": "fr", "variant_access_point": ["Cauna, Bernard-Augustin de Cabannes, 1822-1883, baron de", "Cabannes, Bernard-Augustin-Henri-Timoth\\u00e9e, 1822-1883", "Cabannes, Bernard-Augustin de, 1822-1883"], "authorized_access_point": "Cauna, Bernard-Augustin-Henri-Timoth\\u00e9e de Cabannes, 1822-1883, baron de", "md5": "92bfc2e2b327546355df25a5c7f1e061", "$schema": "https://mef.rero.ch/schemas/agents_idref/idref-agent-v0.0.1.json"}	1
2023-04-26 05:33:04.723203+00:00	2023-04-26 05:33:04.723203+00:00	e25632ad-34ea-49c4-a2d3-687c029bd167	{"pid": "088356809", "bf:Agent": "bf:Person", "type": "bf:Person", "language": ["fre"], "identifier": "http://www.idref.fr/088356809", "variant_name": ["Bougleux, Louis-Auguste Montalant"], "preferred_name": "Montalant-Bougleux, Louis-Auguste", "country_associated": "fr", "variant_access_point": ["Bougleux, Louis-Auguste Montalant"], "authorized_access_point": "Montalant-Bougleux, Louis-Auguste", "md5": "9b7a35d307294fac52e96551860d9da4", "$schema": "https://mef.rero.ch/schemas/agents_idref/idref-agent-v0.0.1.json"}	1
2023-04-26 05:33:04.723230+00:00	2023-04-26 05:33:04.723230+00:00	78bff540-6d55-4b40-bb75-c5f282973bb4	{"pid": "095116672", "bf:Agent": "bf:Person", "type": "bf:Person", "language": ["fre"], "qualifier": "reine d'Espagne", "identifier": "http://www.idref.fr/095116672", "variant_name": ["Maria Louisa de Orl\\u00e9ans, reine d'Espagne", "Marie-Louise, reine d'Espagne", "Orl\\u00e9ans, Marie-Louise d', reine d'Espagne"], "date_of_birth": "1662-03-27", "date_of_death": "1689-02-12", "preferred_name": "Marie Louise d'Orl\\u00e9ans, reine d'Espagne", "country_associated": "fr", "variant_access_point": ["Maria Louisa de Orl\\u00e9ans, reine d'Espagne", "Marie-Louise, reine d'Espagne", "Orl\\u00e9ans, Marie-Louise d', reine d'Espagne"], "authorized_access_point": "Marie Louise d'Orl\\u00e9ans, 1662-1689, reine d'Espagne", "biographical_information": ["N\\u00e9e \\u00e0 Paris, morte \\u00e0 Madrid", "Fille de Philippe Ier, duc d'Orl\\u00e9ans et d'Henriette d'Angleterre, elle \\u00e9pouse en 1679 Charles II roi d'Espagne"], "md5": "6704c95d6580c7e8b7ed35b1a2ac1c71", "$schema": "https://mef.rero.ch/schemas/agents_idref/idref-agent-v0.0.1.json"}	1
2023-04-26 05:33:04.723258+00:00	2023-04-26 05:33:04.723258+00:00	6e8d5477-ff70-4907-9312-b8fcee0abc0b	{"pid": "097556505", "bf:Agent": "bf:Person", "type": "bf:Person", "language": ["fre"], "identifier": "http://www.idref.fr/097556505", "date_of_birth": "1761-02-23", "date_of_death": "1852-02-09", "preferred_name": "Fleuriau de Bellevue, Louis Benjamin", "country_associated": "fr", "authorized_access_point": "Fleuriau de Bellevue, Louis Benjamin, 1761-1852", "biographical_information": ["Homme politique charentais. G\\u00e9ologue, membre de l'Acad\\u00e9mie des Sciences en 1816."], "md5": "8756313af4bd6b133820fa7f4634b57d", "$schema": "https://mef.rero.ch/schemas/agents_idref/idref-agent-v0.0.1.json"}	1
2023-04-26 05:33:04.723297+00:00	2023-04-26 05:33:04.723297+00:00	cd16094a-623d-462e-8442-e263b746213e	{"pid": "098326635", "bf:Agent": "bf:Person", "type": "bf:Person", "language": ["fre"], "identifier": "http://www.idref.fr/098326635", "variant_name": ["Aranthon d'Alex, Jean", "Aranthon d'Alex, Jean d'", "Alex, Jean d'Arenthon d'", "Alex, Jean d'Aranthon d'"], "date_of_birth": "1620-09-25", "date_of_death": "1695-07-04", "preferred_name": "Arenthon d'Alex, Jean d'", "country_associated": "sz", "variant_access_point": ["Aranthon d'Alex, Jean", "Aranthon d'Alex, Jean d'", "Alex, Jean d'Arenthon d'", "Alex, Jean d'Aranthon d'"], "authorized_access_point": "Arenthon d'Alex, Jean d', 1620-1695", "biographical_information": ["Prince-\\u00e9v\\u00eaque de Gen\\u00e8ve (1661-1695)", "N\\u00e9 \\u00e0 Ch\\u00e2teau d'Alex (Haute-Savoie) et mort \\u00e0 Abbaye d'Abondance (Haute-Savoie). Il fut Prince-\\u00e9v\\u00eaque de Gen\\u00e8ve de 1661 \\u00e0 1695"], "md5": "3d3695e881732fbc463fc663446a676d", "$schema": "https://mef.rero.ch/schemas/agents_idref/idref-agent-v0.0.1.json"}	1
2023-04-26 05:33:04.723325+00:00	2023-04-26 05:33:04.723325+00:00	dc434dc4-1b85-4c92-b4ba-e7a0e90fc843	{"pid": "104547677", "bf:Agent": "bf:Person", "type": "bf:Person", "language": ["fre"], "identifier": "http://www.idref.fr/104547677", "date_of_birth": "1582", "date_of_death": "1631", "preferred_name": "Constantin de Barbanson, Le P\\u00e8re", "country_associated": "fr", "authorized_access_point": "Constantin de Barbanson, Le P\\u00e8re", "biographical_information": ["Pr\\u00e9dicateur capucin et gardien du couvent de Cologne"], "md5": "7e8f70b51658bb29c2740e2044c76aa4", "$schema": "https://mef.rero.ch/schemas/agents_idref/idref-agent-v0.0.1.json"}	1
2023-04-26 05:33:04.723349+00:00	2023-04-26 05:33:04.723349+00:00	aa172bd6-eaab-4547-a07a-7e8f48ec9ed0	{"pid": "106993542", "bf:Agent": "bf:Person", "type": "bf:Person", "language": ["eng"], "qualifier": "Marquis of Ormonde", "identifier": "http://www.idref.fr/106993542", "preferred_name": "Butler, James Edward William Theobald, Marquis of Ormonde", "country_associated": "xxk", "authorized_access_point": "Butler, James Edward William Theobald, Marquis of Ormonde", "md5": "e0af69ff1ab2dedceebada8ab51d1336", "$schema": "https://mef.rero.ch/schemas/agents_idref/idref-agent-v0.0.1.json"}	1
2023-04-26 05:33:04.723374+00:00	2023-04-26 05:33:04.723374+00:00	dc937bf7-b066-45d6-aca9-a82a0f905701	{"pid": "112244424", "bf:Agent": "bf:Person", "type": "bf:Person", "language": ["fre"], "identifier": "http://www.idref.fr/112244424", "variant_name": ["Chaperon, Nicolas"], "date_of_birth": "1612", "date_of_death": "1656", "preferred_name": "Chapron, Nicolas", "country_associated": "fr", "variant_access_point": ["Chaperon, Nicolas"], "authorized_access_point": "Chapron, Nicolas, 1612-1656?", "biographical_information": ["Peintre, copiste, dessinateur et graveur"], "md5": "04cbee0e8888a84c60346c3619aa5788", "$schema": "https://mef.rero.ch/schemas/agents_idref/idref-agent-v0.0.1.json"}	1
2023-04-26 05:33:04.723398+00:00	2023-04-26 05:33:04.723398+00:00	7ddbe437-7fa4-4c27-af75-86ecc3650684	{"pid": "124563627", "bf:Agent": "bf:Person", "type": "bf:Person", "language": ["fre"], "identifier": "http://www.idref.fr/124563627", "date_of_birth": "17", "preferred_name": "L\\u00e9vrier-Champrion", "country_associated": "fr", "authorized_access_point": "L\\u00e9vrier-Champrion", "biographical_information": ["Auteur et chansonnier fran\\u00e7ais"], "md5": "03208ed4f1a9fc52f96c4ed6a3faaebe", "$schema": "https://mef.rero.ch/schemas/agents_idref/idref-agent-v0.0.1.json"}	1
2023-04-26 05:33:04.723424+00:00	2023-04-26 05:33:04.723424+00:00	00a5762b-e868-41ac-ab9b-6899ac805a98	{"pid": "130990221", "bf:Agent": "bf:Person", "type": "bf:Person", "language": ["fre"], "identifier": "http://www.idref.fr/130990221", "variant_name": ["Descudier, Alfred", "Ego"], "date_of_birth": "1837", "date_of_death": "1883", "preferred_name": "Aunay, Alfred d'", "country_associated": "fr", "variant_access_point": ["Descudier, Alfred", "Ego"], "authorized_access_point": "Aunay, Alfred d', 1837-1883", "biographical_information": ["Journaliste, auteur dramatique"], "md5": "c0e2883428da1113a25d897513be48e1", "$schema": "https://mef.rero.ch/schemas/agents_idref/idref-agent-v0.0.1.json"}	1
2023-04-26 05:33:04.723450+00:00	2023-04-26 05:33:04.723450+00:00	6a2290f7-1a42-43f3-b103-ce03df461da5	{"pid": "131513168", "bf:Agent": "bf:Person", "type": "bf:Person", "language": ["fre"], "qualifier": "comte de", "identifier": "http://www.idref.fr/131513168", "variant_name": ["Bourbon, Charles de"], "date_of_birth": "1566", "date_of_death": "1612", "preferred_name": "Soissons, Charles de Bourbon, comte de", "country_associated": "fr", "variant_access_point": ["Bourbon, Charles de, 1566-1612"], "authorized_access_point": "Soissons, Charles de Bourbon, 1566-1612, comte de", "biographical_information": ["Comte de Soissons. Fils de Louis Ier, prince de Cond\\u00e9", "Lieu de naissance Nogent-le-Rotrou (Eure-et-Loir). Lieu de d\\u00e9c\\u00e8s Blandy"], "md5": "203fa0b9c9801036807ae4c8ccc3f7cb", "$schema": "https://mef.rero.ch/schemas/agents_idref/idref-agent-v0.0.1.json"}	1
2023-04-26 05:33:04.723479+00:00	2023-04-26 05:33:04.723479+00:00	e5e62d5a-aa5e-43a2-bdec-67a8a6c36ee2	{"pid": "147013283", "bf:Agent": "bf:Person", "type": "bf:Person", "language": ["fre"], "identifier": "http://www.idref.fr/147013283", "variant_name": ["Philippe", "Am\\u00e9d\\u00e9e", "Roustan, Fran\\u00e7ois Philippe"], "date_of_birth": "1785-02-25", "date_of_death": "1847-09-26", "preferred_name": "Roustan, Philippe-Am\\u00e9d\\u00e9e", "country_associated": "fr", "variant_access_point": ["Philippe", "Am\\u00e9d\\u00e9e", "Roustan, Fran\\u00e7ois Philippe"], "authorized_access_point": "Roustan, Philippe-Am\\u00e9d\\u00e9e, 1785-1847", "biographical_information": ["Acteur, vaudevilliste. A utilis\\u00e9 les pseudonymes d'Am\\u00e9d\\u00e9e et de Philippe. On le trouve au Vaudeville de 1815 \\u00e0 1825, aux Nouveaut\\u00e9s (1827), au Palais-Royal (1831-1841) et aux Folies-Dramatiques. Il avait \\u00e9pous\\u00e9 Mlle Volnais de la Com\\u00e9die-Fran\\u00e7aise"], "md5": "cefc69c0c7fabd8610869023cbc28e09", "$schema": "https://mef.rero.ch/schemas/agents_idref/idref-agent-v0.0.1.json"}	1
2023-04-26 05:33:04.723508+00:00	2023-04-26 05:33:04.723508+00:00	c59aa676-716a-4e44-a835-48bc0a8d46a1	{"pid": "149367430", "bf:Agent": "bf:Person", "type": "bf:Person", "language": ["grc", "lat"], "identifier": "http://www.idref.fr/149367430", "variant_name": ["Hermonyme, Georges, de Sparte", "\\u0395\\u03c1\\u03bc\\u03ce\\u03bd\\u03c5\\u03bc\\u03bf\\u03c2, \\u0393\\u03b5\\u03ce\\u03c1\\u03b3\\u03b9\\u03bf\\u03c2"], "date_of_birth": "1452", "date_of_death": "1508", "preferred_name": "Hermonymus, Georgius", "country_associated": "gr", "variant_access_point": ["Hermonyme, Georges, de Sparte", "\\u0395\\u03c1\\u03bc\\u03ce\\u03bd\\u03c5\\u03bc\\u03bf\\u03c2, \\u0393\\u03b5\\u03ce\\u03c1\\u03b3\\u03b9\\u03bf\\u03c2"], "authorized_access_point": "Hermonymus, Georgius, 1452-1508", "biographical_information": ["Homme de Lettres d'origine grecque, ma\\u00eetre de grec \\u00e0 Paris"], "md5": "bc0a30d4beae3028346075e57631ad2d", "$schema": "https://mef.rero.ch/schemas/agents_idref/idref-agent-v0.0.1.json"}	1
2023-04-26 05:33:04.723535+00:00	2023-04-26 05:33:04.723535+00:00	fd538b79-cab6-4b97-8f47-6a20866fb283	{"pid": "154079693", "bf:Agent": "bf:Person", "type": "bf:Person", "language": ["fre"], "qualifier": "Comte", "identifier": "http://www.idref.fr/154079693", "date_of_birth": "1783", "date_of_death": "1862-11-17", "preferred_name": "Beaurepaire de Louvagny, Alexandre, Comte", "country_associated": "fr", "authorized_access_point": "Beaurepaire de Louvagny, Alexandre, 1783-1862, Comte", "biographical_information": ["Membre fondateur de l'association normande et de la soci\\u00e9t\\u00e9 fran\\u00e7aise d'arch\\u00e9ologie."], "md5": "d78399685cb05431d1e063193a3ee3a5", "$schema": "https://mef.rero.ch/schemas/agents_idref/idref-agent-v0.0.1.json"}	1
2023-04-26 05:33:04.723571+00:00	2023-04-26 05:33:04.723571+00:00	1f03c8f0-7e06-4df1-9d4f-19289470e188	{"pid": "156591324", "bf:Agent": "bf:Person", "type": "bf:Person", "language": ["fre"], "identifier": "http://www.idref.fr/156591324", "date_of_birth": "1663", "date_of_death": "1711", "preferred_name": "Barr\\u00eame, Gabriel", "country_associated": "fr", "authorized_access_point": "Barr\\u00eame, Gabriel, 1663-1711?", "biographical_information": ["Fils de Fran\\u00e7ois Barr\\u00eame. Arithm\\u00e9ticien. Censeur royal"], "md5": "6b31d67023094038f6d8fe2f8e14a774", "$schema": "https://mef.rero.ch/schemas/agents_idref/idref-agent-v0.0.1.json"}	1
2023-04-26 05:33:04.723597+00:00	2023-04-26 05:33:04.723597+00:00	352b0315-c9f3-487a-99c2-78c01d7000b8	{"pid": "165617845", "bf:Agent": "bf:Person", "type": "bf:Person", "language": ["ita"], "identifier": "http://www.idref.fr/165617845", "variant_name": ["Carelli, Francisco"], "date_of_birth": "1758-10-07", "date_of_death": "1832-09-17", "preferred_name": "Carelli, Francesco", "country_associated": "it", "variant_access_point": ["Carelli, Francisco"], "authorized_access_point": "Carelli, Francesco, 1758-1832", "biographical_information": ["Segretario perpetuo della R. Accademia Ercolanese . Collezionista di monete antiche magna Grecia"], "md5": "e61ccf981dbe5e6a1d820c6f2830d7e1", "$schema": "https://mef.rero.ch/schemas/agents_idref/idref-agent-v0.0.1.json"}	1
2023-04-26 05:33:04.723623+00:00	2023-04-26 05:33:04.723623+00:00	63667814-e111-4524-803f-1ed6d2a3bf45	{"pid": "16777154X", "bf:Agent": "bf:Person", "type": "bf:Person", "language": ["fre"], "identifier": "http://www.idref.fr/16777154X", "variant_name": ["Saint-Marc, Pierre-Urbain Corneille", "Corneille, Pierre"], "date_of_birth": "1862-07-15", "preferred_name": "Corneille Saint-Marc, Pierre-Urbain", "country_associated": "fr", "variant_access_point": ["Saint-Marc, Pierre-Urbain Corneille", "Corneille, Pierre"], "authorized_access_point": "Corneille Saint-Marc, Pierre-Urbain, 1862-....", "biographical_information": ["Docteur en m\\u00e9decine (Paris, 1887). Fondateur du Th\\u00e9\\u00e2tre Populaire Poitevin"], "md5": "ff2c40f91ec6d8e49b6c1a28e68f3ac5", "$schema": "https://mef.rero.ch/schemas/agents_idref/idref-agent-v0.0.1.json"}	1
2023-04-26 05:33:04.723650+00:00	2023-04-26 05:33:04.723650+00:00	dca2ec52-670f-46fc-84e8-b71085d4d9c3	{"pid": "172347343", "bf:Agent": "bf:Person", "type": "bf:Person", "language": ["fre"], "qualifier": "cur\\u00e9", "identifier": "http://www.idref.fr/172347343", "date_of_birth": "1809", "date_of_death": "1873-12-16", "preferred_name": "Chapelle, Fran\\u00e7ois, cur\\u00e9", "country_associated": "fr", "authorized_access_point": "Chapelle, Fran\\u00e7ois, 1809-1873, cur\\u00e9", "biographical_information": ["N\\u00e9 \\u00e0 Villefoueix, commune de Rempnat (Haute-Vienne)", "Professeur de philiosphie au Coll\\u00e8ge de Felletin (Creuse) : 1832-1852", "Cur\\u00e9 d'Aixe-sur-Vienne (Haute-Vienne)"], "md5": "e3cf160a8e06e457d1c77ab90dbfc56f", "$schema": "https://mef.rero.ch/schemas/agents_idref/idref-agent-v0.0.1.json"}	1
2023-04-26 05:33:04.723675+00:00	2023-04-26 05:33:04.723675+00:00	1ddd540a-4c17-4c42-bafb-22c1414d6ba8	{"pid": "179863436", "bf:Agent": "bf:Person", "type": "bf:Person", "language": ["gre"], "identifier": "http://www.idref.fr/179863436", "date_of_birth": "1972", "preferred_name": "Rogakos, Megakles", "country_associated": "gr", "authorized_access_point": "Rogakos, Megakles, 1972-....", "biographical_information": ["Art historian and curator"], "md5": "7ce320dea83e098753199d9c9ab63e7b", "$schema": "https://mef.rero.ch/schemas/agents_idref/idref-agent-v0.0.1.json"}	1
2023-04-26 05:33:04.723700+00:00	2023-04-26 05:33:04.723700+00:00	a1cbb671-ecd5-426e-bb7f-7be5a5b74d55	{"pid": "183349199", "bf:Agent": "bf:Person", "type": "bf:Person", "language": ["ita", "lat"], "identifier": "http://www.idref.fr/183349199", "variant_name": ["Catalano, Giuseppe", "Catalanus, Josephus"], "date_of_birth": "1698", "date_of_death": "1764", "preferred_name": "Catalani, Giuseppe", "country_associated": "it", "variant_access_point": ["Catalano, Giuseppe", "Catalanus, Josephus"], "authorized_access_point": "Catalani, Giuseppe, 1698-1764", "biographical_information": ["Historien, th\\u00e9ologien et juriste"], "md5": "d7f3ee12a3fcdf922ef57990b2baaf10", "$schema": "https://mef.rero.ch/schemas/agents_idref/idref-agent-v0.0.1.json"}	1
2023-04-26 05:33:04.723743+00:00	2023-04-26 05:33:04.723743+00:00	5bad3138-0abb-46c0-9d53-36fdf6e06b10	{"pid": "189341793", "bf:Agent": "bf:Person", "type": "bf:Person", "language": ["fre"], "qualifier": "comte de", "identifier": "http://www.idref.fr/189341793", "variant_name": ["Bourgevin Vialart de Saint-Morys, Etienne", "Vialart de Saint-Morys, Etienne de"], "date_of_birth": "1772-01-17", "date_of_death": "1817-07-21", "preferred_name": "Saint-Morys, Etienne Bourgevin Vialart, comte de", "country_associated": "fr", "variant_access_point": ["Bourgevin Vialart de Saint-Morys, Etienne", "Vialart de Saint-Morys, Etienne de"], "authorized_access_point": "Saint-Morys, Etienne Bourgevin Vialart, 1772-1817, comte de", "md5": "a7eef8a5a9dedc33ae7533e836112093", "$schema": "https://mef.rero.ch/schemas/agents_idref/idref-agent-v0.0.1.json"}	1
2023-04-26 05:33:04.723772+00:00	2023-04-26 05:33:04.723772+00:00	c204c85c-a945-4966-bd7b-35ca4ae5d705	{"pid": "192777475", "bf:Agent": "bf:Person", "type": "bf:Person", "language": ["fre"], "identifier": "http://www.idref.fr/192777475", "variant_name": ["M. M\\u00e9rault", "M\\u00e9rault, A.-R., abb\\u00e9", "Auteur des apologistes involontaires, L'", "Athanase Rene Merault Bizy"], "date_of_birth": "1744", "date_of_death": "1835", "preferred_name": "M\\u00e9rault de Bizy, Athanase-Ren\\u00e9", "country_associated": "fr", "variant_access_point": ["M. M\\u00e9rault", "M\\u00e9rault, A.-R., abb\\u00e9", "Auteur des apologistes involontaires, L'", "Athanase Rene Merault Bizy"], "authorized_access_point": "M\\u00e9rault de Bizy, Athanase-Ren\\u00e9, 1744-1835", "biographical_information": ["Abb\\u00e9. Litt\\u00e9rateur"], "md5": "c56ddb5eacebbd7240ac3877c2cb7511", "$schema": "https://mef.rero.ch/schemas/agents_idref/idref-agent-v0.0.1.json"}	1
2023-04-26 05:33:04.723799+00:00	2023-04-26 05:33:04.723799+00:00	d8215b7a-140f-4797-99eb-834034c5003b	{"pid": "196562643", "bf:Agent": "bf:Person", "type": "bf:Person", "language": ["fre"], "identifier": "http://www.idref.fr/196562643", "date_of_birth": "1794", "date_of_death": "1859", "preferred_name": "Brondeau, Louis de", "country_associated": "fr", "authorized_access_point": "Brondeau, Louis de, 1794-1859", "biographical_information": ["Mycologue, membre de plusieurs soci\\u00e9t\\u00e9s savantes"], "md5": "ae4b82c23560ffac7342ac38c422f86b", "$schema": "https://mef.rero.ch/schemas/agents_idref/idref-agent-v0.0.1.json"}	1
2023-04-26 05:33:04.723826+00:00	2023-04-26 05:33:04.723826+00:00	25e0a8ac-79ec-4ede-807d-7fa0eee65cfe	{"pid": "197394787", "bf:Agent": "bf:Person", "type": "bf:Person", "language": ["gre"], "qualifier": "n\\u00e9o-hell\\u00e9niste", "identifier": "http://www.idref.fr/197394787", "date_of_birth": "1957", "preferred_name": "S\\u00e9rg\\u012bs, Man\\u00f3l\\u012bs G., n\\u00e9o-hell\\u00e9niste", "country_associated": "gr", "parallel_access_point": ["\\u03a3\\u03ad\\u03c1\\u03b3\\u03b7\\u03c2, \\u039c\\u03b1\\u03bd\\u03cc\\u03bb\\u03b7\\u03c2 \\u0393., 1957-...."], "authorized_access_point": "S\\u00e9rg\\u012bs, Man\\u00f3l\\u012bs G., 1957-...., n\\u00e9o-hell\\u00e9niste", "biographical_information": ["N\\u00e9o-hell\\u00e9niste"], "md5": "b63eb7da2407902c91bdb8245209edae", "$schema": "https://mef.rero.ch/schemas/agents_idref/idref-agent-v0.0.1.json"}	1
2023-04-26 05:33:04.723864+00:00	2023-04-26 05:33:04.723864+00:00	a6c51c21-4c2a-4476-abad-6c34bb596094	{"pid": "223404543", "bf:Agent": "bf:Person", "type": "bf:Person", "language": ["fre"], "identifier": "http://www.idref.fr/223404543", "variant_name": ["L\\u00e9pinois, Eug\\u00e8ne Louis Ernest de Buch\\u00e8re de"], "date_of_birth": "18..", "date_of_death": "18..?", "preferred_name": "Buch\\u00e8re de L\\u00e9pinois, Eug\\u00e8ne Louis Ernest de", "country_associated": "fr", "variant_access_point": ["L\\u00e9pinois, Eug\\u00e8ne Louis Ernest de Buch\\u00e8re de"], "authorized_access_point": "Buch\\u00e8re de L\\u00e9pinois, Eug\\u00e8ne Louis Ernest de", "md5": "6b163e4fb0251e690a8ba689f3ddf2d5", "$schema": "https://mef.rero.ch/schemas/agents_idref/idref-agent-v0.0.1.json"}	1
2023-04-26 05:33:04.723915+00:00	2023-04-26 05:33:04.723915+00:00	38bcb4d4-04a3-4cd8-b1cf-f08b1b365d9d	{"pid": "233021523", "bf:Agent": "bf:Person", "type": "bf:Person", "language": ["fre"], "identifier": "http://www.idref.fr/233021523", "variant_name": ["Bagnano, Georges Libri-", "Books-Nabonag"], "date_of_birth": "1780", "date_of_death": "1836-01-01", "preferred_name": "Libri-Bagnano, Georges", "country_associated": "it", "variant_access_point": ["Bagnano, Georges Libri-, 1780-1836", "Books-Nabonag, 1780-1836"], "authorized_access_point": "Libri-Bagnano, Georges, 1780-1836", "biographical_information": ["Publiciste. - Noble toscan, s'engagea dans les arm\\u00e9es napol\\u00e9oniennes et s'exila en Belgique et aux Pays-Bas", "Lieu de naissance Florence, Italie. Lieu de d\\u00e9c\\u00e8s Amsterdam, Pays-Bas"], "md5": "0a78dd941ac8a0a085f8715e546d27b2", "$schema": "https://mef.rero.ch/schemas/agents_idref/idref-agent-v0.0.1.json"}	1
