2020-08-30 20:04:12.007582	2020-08-30 20:04:12.007588	1b3cb205-43f6-4733-9fc5-4d4edaaff3d1	{"md5": "1a3534eab3c425f6bd27181d2e2ef09d", "pid": "10000690", "gender": "male", "$schema": "https://mef.rero.ch/schemas/bnf/bnf-person-v0.0.1.json", "date_of_birth": "1813-03-15", "date_of_death": "1875-12-21", "language_of_person": ["fre"], "identifier_for_person": "http://catalogue.bnf.fr/ark:/12148/cb10000690m", "preferred_name_for_person": "Aldo, Dr", "authorized_access_point_representing_a_person": "Aldo, Dr, 1813-1875"}	1
2020-08-30 20:04:12.192663	2020-08-30 20:04:12.192668	bd028736-8ee9-430c-8b24-1a7b5e5e2804	{"md5": "676ab090bf79ba7fdb6a998eebdc3380", "pid": "10000728", "gender": "male", "$schema": "https://mef.rero.ch/schemas/bnf/bnf-person-v0.0.1.json", "date_of_birth": "1803-07-24", "date_of_death": "1884-02-11", "language_of_person": ["fre"], "identifier_for_person": "http://catalogue.bnf.fr/ark:/12148/cb10000728g", "biographical_information": ["Pseudonyme de Vincent Gâche"], "preferred_name_for_person": "Aléthocrite, V.***", "authorized_access_point_representing_a_person": "Aléthocrite, V.***, 1803-1884"}	1
2020-08-30 20:04:12.305988	2020-08-30 20:04:12.305993	e48e8902-a300-40b2-9742-f11086887b37	{"md5": "4e2a42a6116c6e03eb10fc5c6d36b909", "pid": "10000780", "gender": "male", "$schema": "https://mef.rero.ch/schemas/bnf/bnf-person-v0.0.1.json", "date_of_birth": "1782-02-22", "date_of_death": "1860?", "language_of_person": ["fre"], "identifier_for_person": "http://catalogue.bnf.fr/ark:/12148/cb10000780k", "variant_name_for_person": ["A***, Stéphen", "Alexis, M.", "Arnoux, Stéphen", "Stephen"], "biographical_information": ["Poète, chansonnier, auteur dramatique, romancier"], "preferred_name_for_person": "Arnoult, Stéphen", "authorized_access_point_representing_a_person": "Arnoult, Stéphen, 1782-1860?"}	1
2020-08-30 20:04:12.429755	2020-08-30 20:04:12.429761	06f21c65-5596-4657-b5c6-daebf26537a7	{"md5": "6b51edc2cbf1a71299ab4d8a5429a62e", "pid": "10000803", "gender": "male", "$schema": "https://mef.rero.ch/schemas/bnf/bnf-person-v0.0.1.json", "date_of_birth": "1828", "date_of_death": "1885", "language_of_person": ["spa"], "identifier_for_person": "http://catalogue.bnf.fr/ark:/12148/cb10000803d", "variant_name_for_person": ["Alfaro y Lafuente, Manuel Ibo", "Lafuente, Manuel Ibo Alfaro y"], "biographical_information": ["Écrivait et collaborait à des périodiques"], "preferred_name_for_person": "Alfaro, Manuel Ibo", "authorized_access_point_representing_a_person": "Alfaro, Manuel Ibo, 1828-1885"}	1
2020-08-30 20:04:12.531956	2020-08-30 20:04:12.531961	4d7a8e97-3acf-44f5-8685-efbe3b0f1d09	{"md5": "10bd34046d9ccbe49110a4ccebbcd667", "pid": "10000849", "gender": "male", "$schema": "https://mef.rero.ch/schemas/bnf/bnf-person-v0.0.1.json", "date_of_birth": "1605-12-27", "date_of_death": "1659-01-07", "language_of_person": ["fre"], "identifier_for_person": "http://catalogue.bnf.fr/ark:/12148/cb10000849q", "variant_name_for_person": ["Aligny, Gaspard Quarré d'", "Quarré, Gaspard"], "biographical_information": ["Avocat général au Parlement de Bourgogne. - Baron d'Aligny"], "preferred_name_for_person": "Quarré d'Aligny, Gaspard", "authorized_access_point_representing_a_person": "Quarré d'Aligny, Gaspard, 1605-1659"}	1
2020-08-30 20:04:13.02819	2020-08-30 20:04:13.028194	ba0d5e89-a9af-4924-92b2-05db7a9acda3	{"md5": "293a1b45ae14f2c89b8b45658d95acdf", "pid": "10001062", "gender": "male", "$schema": "https://mef.rero.ch/schemas/bnf/bnf-person-v0.0.1.json", "date_of_birth": "18..?", "date_of_death": "18..", "language_of_person": ["fre"], "identifier_for_person": "http://catalogue.bnf.fr/ark:/12148/cb10001062z", "variant_name_for_person": ["Guillemain, L.", "Auteur de \\"La chasse à la liberté\\", L'", "Auteur de \\"Pauvre Pologne\\", L'", "L. C.", "Ami de Timon, Un", "Léon", "Léon d'Amboise", "Chaumont, Léon de", "Juvénal, L.-C."], "biographical_information": ["Auteur dramatique et satirique"], "preferred_name_for_person": "Guillemin, Léon", "authorized_access_point_representing_a_person": "Guillemin, Léon, 18..?-18.., auteur dramatique"}	1
2020-08-30 20:04:13.139056	2020-08-30 20:04:13.139061	bf0753b7-c03e-4911-a054-370cacb9fab9	{"md5": "dd2faf6cb8f11348bc6f6e1e11f92805", "pid": "10001083", "gender": "male", "$schema": "https://mef.rero.ch/schemas/bnf/bnf-person-v0.0.1.json", "date_of_birth": "1785-02-25", "date_of_death": "1847-09-26", "language_of_person": ["fre"], "identifier_for_person": "http://catalogue.bnf.fr/ark:/12148/cb10001083x", "variant_name_for_person": ["Philippe", "Amédée"], "biographical_information": ["Acteur. - Vaudevilliste. - A utilisé les pseudonymes d'Amédée et de Philippe"], "preferred_name_for_person": "Roustan, Philippe-Amédée", "authorized_access_point_representing_a_person": "Roustan, Philippe-Amédée, 1785-1847"}	1
2020-08-30 20:04:13.238063	2020-08-30 20:04:13.238067	d1f903d2-5071-4feb-b4f2-373875c67b15	{"md5": "e5118f64f4ed2382e557efe79d6079b1", "pid": "10001146", "gender": "male", "$schema": "https://mef.rero.ch/schemas/bnf/bnf-person-v0.0.1.json", "date_of_birth": "12..", "date_of_death": "12..", "language_of_person": ["heb"], "identifier_for_person": "http://catalogue.bnf.fr/ark:/12148/cb100011460", "variant_name_for_person": ["Zidkyia Anav", "Anav, Zidkyia", "Sédécias ben Abraham Anaw"], "biographical_information": ["Talmudiste ayant vécu à Rome"], "preferred_name_for_person": "Zedekiah ben Abraham Anaw", "authorized_access_point_representing_a_person": "Zedekiah ben Abraham Anaw"}	1
2020-08-30 20:04:13.332941	2020-08-30 20:04:13.332946	d3de2670-2983-48cb-9ae8-dd617520ce4e	{"md5": "f8fff8e166191051b4a0638948e9a703", "pid": "10001312", "gender": "male", "$schema": "https://mef.rero.ch/schemas/bnf/bnf-person-v0.0.1.json", "date_of_birth": "1...", "date_of_death": "16..", "language_of_person": ["ita"], "identifier_for_person": "http://catalogue.bnf.fr/ark:/12148/cb100013127", "variant_name_for_person": ["Angelus a Sancto Joseph", "Ange de Saint-Joseph", "Angelo da Utri", "Musus, Pantaleo"], "biographical_information": ["Écrivit aussi en latin", "Carme déchaussé (à partir de 1617) originaire de Ligurie"], "preferred_name_for_person": "Angelo da San Giuseppe", "authorized_access_point_representing_a_person": "Angelo da San Giuseppe, carme, 1...-16.."}	1
2020-08-30 20:04:13.433441	2020-08-30 20:04:13.433447	83b0ad9f-d65d-49f5-9372-160755982052	{"md5": "21ae2d61cf67580eede643158c6dcc57", "pid": "10001392", "gender": "male", "$schema": "https://mef.rero.ch/schemas/bnf/bnf-person-v0.0.1.json", "date_of_birth": "12..", "date_of_death": "1295?", "language_of_person": ["lat"], "identifier_for_person": "http://catalogue.bnf.fr/ark:/12148/cb10001392q", "biographical_information": ["Dominicain. - Inquisiteur en Lombardie et dans la marche de Gênes (1267-1279). - Mort après le 2 juillet 1295"], "preferred_name_for_person": "Anselme d'Alexandrie", "authorized_access_point_representing_a_person": "Anselme d'Alexandrie, 12..-1295?"}	1
2020-08-30 20:04:13.590905	2020-08-30 20:04:13.590911	b62bc7a8-9e1d-483b-85be-dbf3690d7cf1	{"md5": "ab8304f46ccd8fcd6ec6b352f3950eea", "pid": "10001433", "gender": "male", "$schema": "https://mef.rero.ch/schemas/bnf/bnf-person-v0.0.1.json", "date_of_birth": "1665-09-05", "date_of_death": "1736-11-02", "language_of_person": ["fre"], "identifier_for_person": "http://catalogue.bnf.fr/ark:/12148/cb10001433g", "variant_name_for_person": ["Antin, Louis-Antoine de Gondrin de Pardaillan de Montespan d'", "Pardaillan de Montespan, Louis-Antoine de Gondrin", "Montespan, Louis-Antoine de Pardaillan de Gondrin de"], "biographical_information": ["Duc d'Antin. - Surintendant des Bâtiments du roi (1708)"], "preferred_name_for_person": "Gondrin de Pardaillan de Montespan, Louis-Antoine de", "authorized_access_point_representing_a_person": "Gondrin de Pardaillan de Montespan, Louis-Antoine de, 1665-1736"}	1
2020-08-30 20:04:13.685974	2020-08-30 20:04:13.68598	d37b97ee-0c19-4dc6-89c9-5177ea145065	{"md5": "f3b144aa32a22a987f04fd986c7366fb", "pid": "10001463", "gender": "female", "$schema": "https://mef.rero.ch/schemas/bnf/bnf-person-v0.0.1.json", "identifier_for_person": "http://catalogue.bnf.fr/ark:/12148/cb10001463d", "biographical_information": ["Actrice"], "preferred_name_for_person": "Estrany-Grau, Mirela", "authorized_access_point_representing_a_person": "Estrany-Grau, Mirela"}	1
2020-08-30 20:04:13.775498	2020-08-30 20:04:13.775504	58c86ed4-5767-4f80-9c56-e048fe418aa9	{"md5": "fb996895daa51693d113e094c75e3a24", "pid": "10001495", "gender": "male", "$schema": "https://mef.rero.ch/schemas/bnf/bnf-person-v0.0.1.json", "date_of_birth": "1852-10-26", "date_of_death": "1934-01-08", "language_of_person": ["fre"], "identifier_for_person": "http://catalogue.bnf.fr/ark:/12148/cb100014951", "biographical_information": ["Prêtre du Diocèse de Rodez (ordonné en 1878). - Membre de la Société des missionnaires diocésains de Rodez (1878-1906 ; supérieur de 1890 à 1906). - Curé-doyen de Ceignac (1906-1933). - Membre de la Société des Prêtres de Saint-François de Sales"], "preferred_name_for_person": "Costes, Jean-Joseph", "authorized_access_point_representing_a_person": "Costes, Jean-Joseph, 1852-1934"}	1
2020-08-30 20:04:13.85756	2020-08-30 20:04:13.857565	a6d6cc4d-9397-41ba-bab9-c8b726785482	{"md5": "f4ac7b8d22c14f107fe8b901e79f0392", "pid": "10001532", "gender": "male", "$schema": "https://mef.rero.ch/schemas/bnf/bnf-person-v0.0.1.json", "date_of_birth": "18..", "date_of_death": "18..", "language_of_person": ["fre"], "identifier_for_person": "http://catalogue.bnf.fr/ark:/12148/cb10001532d", "biographical_information": ["Pseudonyme de Laurent de Crozet"], "preferred_name_for_person": "Apicius a Vindemiis, Le chevalier", "authorized_access_point_representing_a_person": "Apicius a Vindemiis, Le chevalier"}	1
2020-08-30 20:04:13.940201	2020-08-30 20:04:13.940206	b51a6305-0093-4b8c-a4b9-88697a9a754b	{"md5": "028196fd0c6d9a5cd8f6a3e2e1cd6613", "pid": "10001604", "gender": "male", "$schema": "https://mef.rero.ch/schemas/bnf/bnf-person-v0.0.1.json", "date_of_birth": "1620-09-25", "date_of_death": "1695-07-04", "language_of_person": ["fre"], "identifier_for_person": "http://catalogue.bnf.fr/ark:/12148/cb10001604f", "variant_name_for_person": ["Aranthon d'Alex, Jean d'", "Alex, Jean d'Arenthon d'", "Alex, Jean d'Aranthon d'"], "biographical_information": ["Prince-évêque de Genève (1661-1695)"], "preferred_name_for_person": "Arenthon d'Alex, Jean d'", "authorized_access_point_representing_a_person": "Arenthon d'Alex, Jean d', 1620-1695"}	1
2020-08-30 20:04:14.027316	2020-08-30 20:04:14.027321	42467a0f-385f-491a-8242-3d496129b0d5	{"md5": "8207ca202b114d6af2d1a99e5c1c418d", "pid": "10001621", "gender": "female", "$schema": "https://mef.rero.ch/schemas/bnf/bnf-person-v0.0.1.json", "date_of_birth": "19..", "language_of_person": ["fre"], "identifier_for_person": "http://catalogue.bnf.fr/ark:/12148/cb100016211", "biographical_information": ["A collaboré à \\"Volontés\\" (en 1944)"], "preferred_name_for_person": "Arbois, Simone", "authorized_access_point_representing_a_person": "Arbois, Simone"}	1
2020-08-30 20:04:14.133056	2020-08-30 20:04:14.133061	08bc93d2-bda1-4d38-a768-8cafcc6d729a	{"md5": "ecc9695462cd840462e3d0af39386fa3", "pid": "10001899", "gender": "male", "$schema": "https://mef.rero.ch/schemas/bnf/bnf-person-v0.0.1.json", "date_of_birth": "1811-05-17", "date_of_death": "1865-07-29", "language_of_person": ["fre"], "identifier_for_person": "http://catalogue.bnf.fr/ark:/12148/cb10001899h", "variant_name_for_person": ["Arnoudt, Pierre", "Aernoudt, Pierre-Jacques-Marie", "Arnold, Pierre", "Arnoldus, Petrus", "Arnoldo, Pierre", "Arnold, J."], "biographical_information": ["Écrivit aussi en latin", "Jésuite (à partir de 1835 ; ordonné prêtre en 1843)", "Vécut aux États-Unis à partir de 1835"], "preferred_name_for_person": "Aernoudt, Pierre", "authorized_access_point_representing_a_person": "Aernoudt, Pierre, 1811-1865"}	1
2020-08-30 20:04:14.22342	2020-08-30 20:04:14.223426	ac3167a4-0a34-41ee-bebb-7a19e2c9561e	{"md5": "9cf4f9ecdbb3d74a04c2f9b35d95fc96", "pid": "10001964", "gender": "male", "$schema": "https://mef.rero.ch/schemas/bnf/bnf-person-v0.0.1.json", "date_of_birth": "1860-03-03", "date_of_death": "1933-11-12", "language_of_person": ["fre"], "identifier_for_person": "http://catalogue.bnf.fr/ark:/12148/cb100019644", "variant_name_for_person": ["Jean d'Arros"], "biographical_information": ["Pseudonyme de Fernand Laudet"], "preferred_name_for_person": "Arros, Jean d'", "authorized_access_point_representing_a_person": "Arros, Jean d', 1860-1933"}	1
2020-08-30 20:04:14.30442	2020-08-30 20:04:14.304425	58971bb6-846d-4284-b209-74f0f8558c94	{"md5": "0d0cd3e15f843d91e19fe338a4deb677", "pid": "10002159", "gender": "male", "$schema": "https://mef.rero.ch/schemas/bnf/bnf-person-v0.0.1.json", "date_of_birth": "18..", "date_of_death": "18..", "language_of_person": ["fre"], "identifier_for_person": "http://catalogue.bnf.fr/ark:/12148/cb10002159k", "variant_name_for_person": ["Atxem, H."], "preferred_name_for_person": "Conte, Xavier", "authorized_access_point_representing_a_person": "Conte, Xavier, 18..-18.."}	1
2020-08-30 20:04:14.414535	2020-08-30 20:04:14.41454	3062aa6b-0b48-4465-b576-5b635d0385e5	{"md5": "ee4b69098da8ba1582978aecce2c2d78", "pid": "10002296", "gender": "male", "$schema": "https://mef.rero.ch/schemas/bnf/bnf-person-v0.0.1.json", "date_of_birth": "1865-12-08", "date_of_death": "19..", "language_of_person": ["fre"], "identifier_for_person": "http://catalogue.bnf.fr/ark:/12148/cb100022962", "variant_name_for_person": ["Aulnay, Gaston Richard d'"], "biographical_information": ["Médecin"], "preferred_name_for_person": "Richard d'Aulnay, Gaston", "authorized_access_point_representing_a_person": "Richard d'Aulnay, Gaston, 1865-19.."}	1
2020-08-30 20:04:14.500761	2020-08-30 20:04:14.500766	5627c330-9d85-4b9a-9646-70b860e2fcbf	{"md5": "b55ca39c50971a340de118196e20f566", "pid": "10002308", "gender": "male", "$schema": "https://mef.rero.ch/schemas/bnf/bnf-person-v0.0.1.json", "date_of_birth": "1837", "date_of_death": "1883", "language_of_person": ["fre"], "identifier_for_person": "http://catalogue.bnf.fr/ark:/12148/cb100023087", "variant_name_for_person": ["Descudier, Alfred"], "biographical_information": ["Journaliste, auteur dramatique"], "preferred_name_for_person": "Aunay, Alfred d'", "authorized_access_point_representing_a_person": "Aunay, Alfred d', 1837-1883"}	1
2020-08-30 20:04:14.59327	2020-08-30 20:04:14.593275	5a350160-c448-4eee-92ae-5f96abd45f26	{"md5": "ec2bd2555a5d2dac19e811c4d9d01e2b", "pid": "10002423", "gender": "male", "$schema": "https://mef.rero.ch/schemas/bnf/bnf-person-v0.0.1.json", "date_of_birth": "1806-01-05", "date_of_death": "1874-12-01", "language_of_person": ["fre"], "identifier_for_person": "http://catalogue.bnf.fr/ark:/12148/cb10002423d", "biographical_information": ["A traduit de l'allemand en français", "Docteur en droit, écrivain et poète. - Membre de l'Académie royale de Belgique"], "preferred_name_for_person": "Aveline, Alfred d'", "authorized_access_point_representing_a_person": "Aveline, Alfred d', 1806-1874"}	1
2020-08-30 20:04:14.686514	2020-08-30 20:04:14.68652	4b771241-67d9-4a1f-b8cd-1a281f6e8ccd	{"md5": "2d3e9404354976f8fd3d9d0a9d9e6140", "pid": "10002451", "gender": "male", "$schema": "https://mef.rero.ch/schemas/bnf/bnf-person-v0.0.1.json", "date_of_birth": "1851-03-21", "date_of_death": "1925", "language_of_person": ["fre"], "identifier_for_person": "http://catalogue.bnf.fr/ark:/12148/cb10002451n", "variant_name_for_person": ["A., E. d'", "E. d'A."], "biographical_information": ["Pseudonymes utilisés par Frédéric Rouvier, jésuite"], "preferred_name_for_person": "Avesne, E. d'", "authorized_access_point_representing_a_person": "Avesne, E. d', 1851-1925"}	1
2020-08-30 20:04:14.784892	2020-08-30 20:04:14.784897	34f39714-15bf-470c-8cfc-7e21ee81e039	{"md5": "2bf9bde6d7d012b8ac199d99058aa79b", "pid": "10002647", "gender": "male", "$schema": "https://mef.rero.ch/schemas/bnf/bnf-person-v0.0.1.json", "date_of_birth": "1734-12-31", "date_of_death": "1780-04-29", "language_of_person": ["fre"], "identifier_for_person": "http://catalogue.bnf.fr/ark:/12148/cb10002647z", "biographical_information": ["Pseudonyme de Claude-Joseph Dorat"], "preferred_name_for_person": "Bagnolet, Pierre", "authorized_access_point_representing_a_person": "Bagnolet, Pierre, 1734-1780"}	1
2020-08-30 20:04:14.86955	2020-08-30 20:04:14.869555	bb20340a-32be-477e-9f06-068c94fbfbbf	{"md5": "f4239e5bf947323fba74ec0b2dbfefe5", "pid": "10002677", "gender": "male", "$schema": "https://mef.rero.ch/schemas/bnf/bnf-person-v0.0.1.json", "date_of_birth": "1818-04-30", "date_of_death": "1899-07-24", "language_of_person": ["fre"], "identifier_for_person": "http://catalogue.bnf.fr/ark:/12148/cb10002677w", "variant_name_for_person": ["Barberey, Maurice Bailly de"], "preferred_name_for_person": "Bailly de Barberey, Maurice", "authorized_access_point_representing_a_person": "Bailly de Barberey, Maurice, 1818-1899"}	1
2020-08-30 20:04:14.955597	2020-08-30 20:04:14.955601	bcb9f420-e2ca-42d9-8a73-dd158038028f	{"md5": "85fc5603f3df38c2fd7db868f251d0a6", "pid": "10002724", "gender": "male", "$schema": "https://mef.rero.ch/schemas/bnf/bnf-person-v0.0.1.json", "date_of_birth": "18..", "date_of_death": "19..", "language_of_person": ["fre"], "identifier_for_person": "http://catalogue.bnf.fr/ark:/12148/cb10002724k", "biographical_information": ["Officier d'administration de génie. - Poète"], "preferred_name_for_person": "Baudry, Paul", "authorized_access_point_representing_a_person": "Baudry, Paul, 18..-19.., officier"}	1
2020-08-30 20:04:15.039134	2020-08-30 20:04:15.039139	ad4add8b-f079-4750-8161-415ea45e95f0	{"md5": "3f1afaa401c3265b476f9a078461e916", "pid": "10002868", "gender": "male", "$schema": "https://mef.rero.ch/schemas/bnf/bnf-person-v0.0.1.json", "date_of_birth": "1582", "date_of_death": "1631-11-26", "language_of_person": ["fre"], "identifier_for_person": "http://catalogue.bnf.fr/ark:/12148/cb10002868g", "variant_name_for_person": ["Barbanson, Constantin de"], "biographical_information": ["Religieux, auteur mystique de l'école franciscaine. - Frère de l'Ordre des Capucins de Bruxelles (à partir de 1600). - Il exerça surtout son apostolat en Rhénanie (à partir de 1611), où il fut gardien des couvents de Cologne et de Münster-Eiffel"], "preferred_name_for_person": "Constantin de Barbanson", "authorized_access_point_representing_a_person": "Constantin de Barbanson, 1582-1631"}	1
2020-08-30 20:04:15.151814	2020-08-30 20:04:15.151819	401dfc06-11fb-4a14-802b-ac2fecbb28a2	{"md5": "7f0282f5f4fb1c0840334cb0d12c7c76", "pid": "10002891", "gender": "male", "$schema": "https://mef.rero.ch/schemas/bnf/bnf-person-v0.0.1.json", "language_of_person": ["und"], "identifier_for_person": "http://catalogue.bnf.fr/ark:/12148/cb100028910", "biographical_information": ["Compositeur"], "preferred_name_for_person": "Béziers, Martin", "authorized_access_point_representing_a_person": "Béziers, Martin"}	1
2020-08-30 20:04:15.238309	2020-08-30 20:04:15.238314	d42d92d6-cdd5-418e-910f-721815971a8f	{"md5": "fc63b9268ce628952b2fab78e1f5f8ec", "pid": "10002948", "gender": "male", "$schema": "https://mef.rero.ch/schemas/bnf/bnf-person-v0.0.1.json", "date_of_birth": "1663", "date_of_death": "1711?", "language_of_person": ["fre"], "identifier_for_person": "http://catalogue.bnf.fr/ark:/12148/cb100029484", "biographical_information": ["Fils de François Barrême. - Arithméticien. - Censeur royal"], "preferred_name_for_person": "Barrême, Gabriel", "authorized_access_point_representing_a_person": "Barrême, Gabriel, 1663-1711?"}	1
2020-08-30 20:04:15.331599	2020-08-30 20:04:15.331604	51b102c7-0a95-4be3-94bb-8f3ab1094fa4	{"md5": "88ffa11c7edb062ced0203343ec96949", "pid": "10002968", "gender": "male", "$schema": "https://mef.rero.ch/schemas/bnf/bnf-person-v0.0.1.json", "date_of_birth": "18..", "date_of_death": "18..", "language_of_person": ["fre"], "identifier_for_person": "http://catalogue.bnf.fr/ark:/12148/cb10002968r", "biographical_information": ["Pseudonyme de Laurent de Crozet"], "preferred_name_for_person": "Barimborough, Lord", "authorized_access_point_representing_a_person": "Barimborough, Lord"}	1
2020-08-30 20:04:15.418546	2020-08-30 20:04:15.418551	440fd9e6-d7c0-40c8-9852-1268e2575099	{"md5": "7c53b0a5da5a1a300b5617061ce02b16", "pid": "10003282", "$schema": "https://mef.rero.ch/schemas/bnf/bnf-person-v0.0.1.json", "date_of_birth": "19..", "date_of_death": "19..", "language_of_person": ["fre"], "identifier_for_person": "http://catalogue.bnf.fr/ark:/12148/cb10003282m", "preferred_name_for_person": "Baudrillard", "authorized_access_point_representing_a_person": "Baudrillard, 19.. ?-19.. ?, directeur d'un bulletin électoral"}	1
2020-08-30 20:04:15.505108	2020-08-30 20:04:15.505113	002f990e-bad4-4368-a856-33a605540c66	{"md5": "df218dbdad42063a744282c63add78ce", "pid": "10003371", "gender": "female", "$schema": "https://mef.rero.ch/schemas/bnf/bnf-person-v0.0.1.json", "date_of_birth": "1890-10-20", "date_of_death": "1966-07-24", "language_of_person": ["fre"], "identifier_for_person": "http://catalogue.bnf.fr/ark:/12148/cb100033717", "variant_name_for_person": ["Regnault de Beaucaron, Edmée", "Fontaines, Edmée Clotilde Azéma de", "Regnault de Beaucaron, Edmée Clotilde Azéma", "Beaucaron, Edmée Regnault de", "Beaucaron, Edmée Clotilde Azéma Regnault de"], "preferred_name_for_person": "Fontaines, Edmée de", "authorized_access_point_representing_a_person": "Fontaines, Edmée de, 1890-1966"}	1
2020-08-30 20:04:15.58645	2020-08-30 20:04:15.586455	a705e304-32dc-481a-be75-396671bf02ad	{"md5": "6a28542977fa62b11d0ef94564c46b39", "pid": "10003493", "gender": "male", "$schema": "https://mef.rero.ch/schemas/bnf/bnf-person-v0.0.1.json", "date_of_birth": "1783-10-01", "date_of_death": "186212", "language_of_person": ["fre"], "identifier_for_person": "http://catalogue.bnf.fr/ark:/12148/cb10003493t", "variant_name_for_person": ["Beaurepaire, Alexandre de", "Louvagny, Alexandre Beaurepaire de"], "biographical_information": ["Secrétaire d'ambassade à Dresde, Londres, Madrid puis Constantinople. - Ministre plénipotentiaire près de l'électeur Hesse-Cassel. - Comte"], "preferred_name_for_person": "Beaurepaire de Louvagny, Alexandre de", "authorized_access_point_representing_a_person": "Beaurepaire de Louvagny, Alexandre de, 1783-1862"}	1
2020-08-30 20:04:15.670854	2020-08-30 20:04:15.670859	f8a822dc-8628-4b5e-80d7-94b7c3615c5f	{"md5": "65f3c93218e7e874e3b65b66c4a1045c", "pid": "10003728", "gender": "male", "$schema": "https://mef.rero.ch/schemas/bnf/bnf-person-v0.0.1.json", "date_of_birth": "1796-04-09?", "date_of_death": "1872-10-16", "language_of_person": ["fre"], "identifier_for_person": "http://catalogue.bnf.fr/ark:/12148/cb100037286", "variant_name_for_person": ["Belleval, Stanislas Amphoux de"], "biographical_information": ["Propriétaire. - Maire d'Istres (1831-1832), de Miramas (1833-1838 et 1858-1860) et de Saint-Chamas (1851-1852)"], "preferred_name_for_person": "Amphoux de Belleval, Stanislas", "authorized_access_point_representing_a_person": "Amphoux de Belleval, Stanislas, 1796-1872"}	1
2020-08-30 20:04:15.832658	2020-08-30 20:04:15.832664	bcede2da-a479-4b0e-9dcf-22881fd2b73c	{"md5": "be4f03afe0f1cb93e416a5653441373f", "pid": "10003733", "gender": "male", "$schema": "https://mef.rero.ch/schemas/bnf/bnf-person-v0.0.1.json", "date_of_birth": "1761-02-23", "date_of_death": "1852-02-11", "language_of_person": ["fre"], "identifier_for_person": "http://catalogue.bnf.fr/ark:/12148/cb10003733s", "variant_name_for_person": ["Bellevue, Louis Benjamin Fleuriau de"], "biographical_information": ["Savant géologue, naturaliste. - Ses collections sont la base du muséum de La Rochelle"], "preferred_name_for_person": "Fleuriau de Bellevue, Louis Benjamin", "authorized_access_point_representing_a_person": "Fleuriau de Bellevue, Louis Benjamin, 1761-1852"}	1
2020-08-30 20:04:15.932634	2020-08-30 20:04:15.932639	ef7558a7-ab0d-459f-8fdd-99f72199267f	{"md5": "60c4c4009563bba48924e4ae2f74f134", "pid": "10003785", "gender": "male", "$schema": "https://mef.rero.ch/schemas/bnf/bnf-person-v0.0.1.json", "date_of_birth": "17..", "date_of_death": "18..", "language_of_person": ["ita"], "identifier_for_person": "http://catalogue.bnf.fr/ark:/12148/cb100037851", "biographical_information": ["Médecin"], "preferred_name_for_person": "Barbieri, Matteo", "authorized_access_point_representing_a_person": "Barbieri, Matteo, 17..-18.., médecin"}	1
2020-08-30 20:04:16.026358	2020-08-30 20:04:16.026363	30fc4311-f61f-43fb-b5af-44c38b91a0e8	{"md5": "b347ebb363adf1e37f474c7c6a2789cd", "pid": "10003965", "gender": "male", "$schema": "https://mef.rero.ch/schemas/bnf/bnf-person-v0.0.1.json", "date_of_birth": "18..", "date_of_death": "18..", "language_of_person": ["fre"], "identifier_for_person": "http://catalogue.bnf.fr/ark:/12148/cb10003965z", "biographical_information": ["Balancier mécanicien"], "preferred_name_for_person": "Béranger", "authorized_access_point_representing_a_person": "Béranger, 18..-18.., balancier mécanicien"}	1
2020-08-30 20:04:16.112629	2020-08-30 20:04:16.112634	4cc82bfb-4382-4a07-b0b8-88817f08b436	{"md5": "fb4fc28843a86933d231ffbf1fee273b", "pid": "10004100", "gender": "male", "$schema": "https://mef.rero.ch/schemas/bnf/bnf-person-v0.0.1.json", "date_of_birth": "1807-11-27", "date_of_death": "1875-08-05", "language_of_person": ["eng"], "identifier_for_person": "http://catalogue.bnf.fr/ark:/12148/cb10004100d", "variant_name_for_person": ["Bernard, Bayle"], "biographical_information": ["Dramaturge et critique dramatique"], "preferred_name_for_person": "Bernard, William Bayle", "authorized_access_point_representing_a_person": "Bernard, William Bayle, 1807-1875"}	1
2020-08-30 20:04:16.220569	2020-08-30 20:04:16.220574	68848b93-1c99-4ff8-99b1-1e8f7242c914	{"md5": "4ce80815ae77f8747f691e15355be547", "pid": "10004210", "gender": "male", "$schema": "https://mef.rero.ch/schemas/bnf/bnf-person-v0.0.1.json", "date_of_birth": "1895-04-09", "date_of_death": "1975-05-30", "language_of_person": ["fre"], "identifier_for_person": "http://catalogue.bnf.fr/ark:/12148/cb100042100", "biographical_information": ["Pseudonyme utilisé par Michel Simon de 1920 à 1922"], "preferred_name_for_person": "Beroalde", "authorized_access_point_representing_a_person": "Beroalde, 1895-1975"}	1
2020-08-30 20:04:17.102207	2020-08-30 20:04:17.102212	bd2dcdfb-3b18-417d-9e64-eaf3942bf7f1	{"md5": "20d653c667650d32f226d40e13b3e1f3", "pid": "10004235", "gender": "male", "$schema": "https://mef.rero.ch/schemas/bnf/bnf-person-v0.0.1.json", "date_of_birth": "1976-06-18", "language_of_person": ["fre"], "identifier_for_person": "http://catalogue.bnf.fr/ark:/12148/cb10004235b", "preferred_name_for_person": "Bert, François", "authorized_access_point_representing_a_person": "Bert, François, 1976-...."}	1
2020-08-30 20:04:17.497083	2020-08-30 20:04:17.497088	d6c3c89e-4693-4aba-bbea-c5ddd92bafe0	{"md5": "77c4eaeb88de12a493b353313e9ff6de", "pid": "10004647", "gender": "male", "$schema": "https://mef.rero.ch/schemas/bnf/bnf-person-v0.0.1.json", "date_of_birth": "1744", "date_of_death": "1835-06-13", "language_of_person": ["fre"], "identifier_for_person": "http://catalogue.bnf.fr/ark:/12148/cb10004647f", "variant_name_for_person": ["Bizy, Athanase-René Mérault de"], "biographical_information": ["Abbé. - Evêque d'Orléans en 1802"], "preferred_name_for_person": "Merault de Bizy, Athanase-René", "authorized_access_point_representing_a_person": "Merault de Bizy, Athanase-René, 1744-1835"}	1
2020-08-30 20:04:17.585566	2020-08-30 20:04:17.585571	493c6d33-5010-4d2c-a293-3952baa93484	{"md5": "77f44fcb3ee2cbe5466b777ad5bbd725", "pid": "10004942", "gender": "male", "$schema": "https://mef.rero.ch/schemas/bnf/bnf-person-v0.0.1.json", "date_of_birth": "1869-11-11", "date_of_death": "1927-05-24", "language_of_person": ["pol"], "identifier_for_person": "http://catalogue.bnf.fr/ark:/12148/cb10004942j", "variant_name_for_person": ["Bohušas-Sestšencevičius, Stanislovas Petras", "Siestrzeńcewicz Bohusz, Stanisław Piotr", "Sestšencevičius, Stanislovas Petras Bohušas"], "biographical_information": ["Peintre. - Professeur à l'Université Stefan Batory, Vilnius. - A étudié à l'Académie Julian, Paris"], "preferred_name_for_person": "Bohusz-Siestrzeńcewicz, Stanisław Piotr", "authorized_access_point_representing_a_person": "Bohusz-Siestrzeńcewicz, Stanisław Piotr, 1869-1927"}	1
2020-08-30 20:04:18.990468	2020-08-30 20:04:18.990473	b9d61e27-1ea7-4e86-8b6d-d71eed0b4d3a	{"md5": "11473b297565ec50dc6c8fa8bbff613f", "pid": "10005051", "gender": "male", "$schema": "https://mef.rero.ch/schemas/bnf/bnf-person-v0.0.1.json", "date_of_birth": "1830-11-25", "date_of_death": "1886-06-11", "language_of_person": ["fre"], "identifier_for_person": "http://catalogue.bnf.fr/ark:/12148/cb100050518", "variant_name_for_person": ["Boiteau, Dieudonné Alexandre Paul", "Ambly, Paul d'", "Boiteau d'Ambly, Paul"], "biographical_information": ["Économiste, maître des requêtes au Conseil d'État. - Ami de Béranger. - A collaboré à plusieurs journaux d'économie. - Littérateur et poète. - Éditeur de livres pour enfants. - Chevalier de la Légion d'honneur (1882)"], "preferred_name_for_person": "Boiteau, Paul", "authorized_access_point_representing_a_person": "Boiteau, Paul, 1830-1886"}	1
2020-08-30 20:04:19.0821	2020-08-30 20:04:19.082106	1549788c-3b67-40f8-b0a3-291f2008760a	{"md5": "91803bdaf4d2ad3c2fd8ab7b9e538122", "pid": "10005130", "gender": "male", "$schema": "https://mef.rero.ch/schemas/bnf/bnf-person-v0.0.1.json", "date_of_birth": "1855?", "date_of_death": "193005", "language_of_person": ["fre"], "identifier_for_person": "http://catalogue.bnf.fr/ark:/12148/cb10005130k", "biographical_information": ["Anagramme d'Octave Chambon"], "preferred_name_for_person": "Boncham", "authorized_access_point_representing_a_person": "Boncham, 1855?-1930"}	1
2020-08-30 20:04:19.171613	2020-08-30 20:04:19.171618	670d4f8f-6eb7-4491-8a8b-324d6a8c0ba8	{"md5": "bdfeceb41c63155124c2bfc6d725c4f2", "pid": "10005280", "gender": "female", "$schema": "https://mef.rero.ch/schemas/bnf/bnf-person-v0.0.1.json", "date_of_birth": "1804-07-01", "date_of_death": "1876-06-08", "language_of_person": ["fre"], "identifier_for_person": "http://catalogue.bnf.fr/ark:/12148/cb10005280d", "biographical_information": ["Pseudonyme de George Sand"], "preferred_name_for_person": "Bonnin, Blaise", "authorized_access_point_representing_a_person": "Bonnin, Blaise, 1804-1876"}	1
2020-08-30 20:04:19.259182	2020-08-30 20:04:19.259186	97f900fa-0334-4a15-845a-f2ffd2157e43	{"md5": "18a23026fd2cd748c9c10113ab7c40cb", "pid": "10005298", "gender": "male", "$schema": "https://mef.rero.ch/schemas/bnf/bnf-person-v0.0.1.json", "date_of_birth": "1837", "date_of_death": "19..", "language_of_person": ["fre"], "identifier_for_person": "http://catalogue.bnf.fr/ark:/12148/cb10005298g", "variant_name_for_person": ["Bonqueval, J. Genty de"], "biographical_information": ["Curé de Theuvy-Achères (Eure-et-Loir)"], "preferred_name_for_person": "Genty de Bonqueval, J.", "authorized_access_point_representing_a_person": "Genty de Bonqueval, J., 1837-19.."}	1
2020-08-30 20:04:19.348285	2020-08-30 20:04:19.348291	2f48e83e-9f91-42b4-aad6-5b6aedcb12ef	{"md5": "bc50db2521c0b68fbab3bbfd1374d954", "pid": "10005333", "gender": "male", "$schema": "https://mef.rero.ch/schemas/bnf/bnf-person-v0.0.1.json", "date_of_birth": "1780", "date_of_death": "1836-01-01", "language_of_person": ["fre"], "identifier_for_person": "http://catalogue.bnf.fr/ark:/12148/cb100053335", "variant_name_for_person": ["Bagnano, Georges Libri-", "Books-Nabonag"], "biographical_information": ["Publiciste. - Noble toscan, s'engagea dans les armées napoléoniennes et s'exila en Belgique et aux Pays-Bas"], "preferred_name_for_person": "Libri-Bagnano, Georges", "authorized_access_point_representing_a_person": "Libri-Bagnano, Georges, 1780-1836"}	1
2020-08-30 20:04:19.447971	2020-08-30 20:04:19.447976	f0f8494f-a71e-4c24-ab75-4daa75cd095d	{"md5": "44a3ba86b67b7e417a679aafc3bba7ca", "pid": "10005617", "gender": "male", "$schema": "https://mef.rero.ch/schemas/bnf/bnf-person-v0.0.1.json", "date_of_birth": "1730-03-25", "date_of_death": "1814-02-04", "language_of_person": ["fre"], "identifier_for_person": "http://catalogue.bnf.fr/ark:/12148/cb10005617r", "variant_name_for_person": ["Boucheville, Jacques-François Mutel de"], "biographical_information": ["Magistrat et écrivain. Maire de Bernay de 1791 à 1793. Rédacteur du \\"Journal des campagnes\\""], "preferred_name_for_person": "Mutel de Boucheville, Jacques-François", "authorized_access_point_representing_a_person": "Mutel de Boucheville, Jacques-François, 1730-1814"}	1
2020-08-30 20:04:19.529987	2020-08-30 20:04:19.529992	b797d04f-9768-4989-97f2-1f05bac82d83	{"md5": "bfbf47a0776a9378896b5cccecb32673", "pid": "10005642", "gender": "male", "$schema": "https://mef.rero.ch/schemas/bnf/bnf-person-v0.0.1.json", "date_of_birth": "1794-04-08", "date_of_death": "1873-01-22", "language_of_person": ["fre"], "identifier_for_person": "http://catalogue.bnf.fr/ark:/12148/cb10005642z", "variant_name_for_person": ["Montalant, L.-A.", "Bougleux, Montalant", "Bougleux, Louis Auguste Montalant"], "biographical_information": ["Imprimeur (Versailles, Yvelines). - Fut d'abord sous-lieutenant. - Auteur du quatrain qui figure sur la fontaine Saint-Louis à Versailles"], "preferred_name_for_person": "Montalant-Bougleux, Louis-Auguste", "authorized_access_point_representing_a_person": "Montalant-Bougleux, Louis-Auguste, 1794-1873"}	1
2020-08-30 20:04:19.626984	2020-08-30 20:04:19.626989	78fc70db-23c7-483e-a379-f4ad5b612199	{"md5": "ac8636c76090306a9f05c0279807708c", "pid": "10005679", "gender": "male", "$schema": "https://mef.rero.ch/schemas/bnf/bnf-person-v0.0.1.json", "date_of_birth": "1957", "language_of_person": ["gre"], "identifier_for_person": "http://catalogue.bnf.fr/ark:/12148/cb100056799", "biographical_information": ["Néo-helléniste"], "preferred_name_for_person": "Sérgīs, Manólīs G.", "authorized_access_point_representing_a_person": "Sérgīs, Manólīs G., 1957-...."}	1
2020-08-30 20:04:19.713023	2020-08-30 20:04:19.713028	a473eeef-2d48-4e15-bfc4-5e09beb26852	{"md5": "cf6d4c721cd049de1db166eb7989ec9d", "pid": "10005700", "gender": "male", "$schema": "https://mef.rero.ch/schemas/bnf/bnf-person-v0.0.1.json", "date_of_birth": "1566", "date_of_death": "1612", "language_of_person": ["fre"], "identifier_for_person": "http://catalogue.bnf.fr/ark:/12148/cb100057009", "variant_name_for_person": ["Bourbon, Charles de"], "biographical_information": ["Comte de Soissons. - Fils de Louis Ier, prince de Condé"], "preferred_name_for_person": "Soissons, Charles de Bourbon", "authorized_access_point_representing_a_person": "Soissons, Charles de Bourbon, 1566-1612, comte de"}	1
2020-08-30 20:04:19.804319	2020-08-30 20:04:19.804324	08b8b705-6d9b-460d-8706-658827ee4df6	{"md5": "37e6dd6de9cfefc3c507a28cb3ad7605", "pid": "10005701", "gender": "male", "$schema": "https://mef.rero.ch/schemas/bnf/bnf-person-v0.0.1.json", "date_of_birth": "1853-03-29", "date_of_death": "1942-03-28", "language_of_person": ["spa"], "identifier_for_person": "http://catalogue.bnf.fr/ark:/12148/cb10005701n", "variant_name_for_person": ["Anjou, Duc d'", "Anjou, François de Paule de Bourbon", "Anjou, Francisco de Paula de Borbón"], "biographical_information": ["Aîné des régnicoles à la mort de son frère Henri, duc de Séville (1848-1894)"], "preferred_name_for_person": "Borbón, Francisco de Paula de", "authorized_access_point_representing_a_person": "Borbón, Francisco de Paula de, 1853-1942"}	1
2020-08-30 20:04:19.891329	2020-08-30 20:04:19.891334	88bec3ce-8659-49d1-ad2e-6c61858a9376	{"md5": "0ef794a3abce4c7e6283e8b467710862", "pid": "10005722", "gender": "female", "$schema": "https://mef.rero.ch/schemas/bnf/bnf-person-v0.0.1.json", "date_of_birth": "1662-03-27", "date_of_death": "1689-02-12", "language_of_person": ["mul"], "identifier_for_person": "http://catalogue.bnf.fr/ark:/12148/cb10005722m", "variant_name_for_person": ["Orléans, Marie-Louise d'", "Marie-Louise"], "biographical_information": ["Fille de Philippe Ier, duc d'Orléans et d'Henriette d'Angleterre, elle épouse en 1679 Charles II d'Espagne"], "preferred_name_for_person": "Marie-Louise d'Orléans", "authorized_access_point_representing_a_person": "Marie-Louise d'Orléans, reine d'Espagne, 1662-1689"}	1
2020-08-30 20:04:19.982916	2020-08-30 20:04:19.982921	684d9ff5-5204-4814-8e36-ae0c867190ed	{"md5": "6b9cdbaa296936c29fd658184477b8e2", "pid": "10005761", "gender": "male", "$schema": "https://mef.rero.ch/schemas/bnf/bnf-person-v0.0.1.json", "date_of_birth": "1772-01-17", "date_of_death": "1817-07-21", "language_of_person": ["fre"], "identifier_for_person": "http://catalogue.bnf.fr/ark:/12148/cb10005761h", "variant_name_for_person": ["Bourgevin Vialart de Saint-Morys, Étienne", "Saint-Morys, Comte de", "Saint-Morys, Étienne de Vialart", "Saint-Morys, Vialart de", "Vialart de Saint-Morys, Étienne Bourgevin", "Vialart Saint-Morys, Étienne de"], "biographical_information": ["Emigre en 1791. - Maréchal de camp (en 1814)"], "preferred_name_for_person": "Saint-Morys, Étienne Bourgevin Vialart", "authorized_access_point_representing_a_person": "Saint-Morys, Étienne Bourgevin Vialart, 1772-1817, comte de"}	1
2020-08-30 20:04:20.074275	2020-08-30 20:04:20.07428	adabdc1c-14e4-4a25-8a18-eb667a4e419a	{"md5": "5a0cde1e5182b5863131be2b696bd5b0", "pid": "10005861", "$schema": "https://mef.rero.ch/schemas/bnf/bnf-person-v0.0.1.json", "date_of_birth": "18..", "date_of_death": "18..", "language_of_person": ["fre"], "identifier_for_person": "http://catalogue.bnf.fr/ark:/12148/cb10005861s", "variant_name_for_person": ["Boutru, Pierre"], "preferred_name_for_person": "Mesuré, Fortuné", "authorized_access_point_representing_a_person": "Mesuré, Fortuné, Pseud."}	1
2020-08-30 20:04:20.159647	2020-08-30 20:04:20.159652	5fc3f018-10ac-43c3-a527-f20966889841	{"md5": "55b9f83156da236dcc823a16bdad8f90", "pid": "10005912", "gender": "female", "$schema": "https://mef.rero.ch/schemas/bnf/bnf-person-v0.0.1.json", "language_of_person": ["und"], "identifier_for_person": "http://catalogue.bnf.fr/ark:/12148/cb10005912v", "biographical_information": ["Metteur en scène"], "preferred_name_for_person": "Enon, Amélie", "authorized_access_point_representing_a_person": "Enon, Amélie"}	1
2020-08-30 20:04:20.265137	2020-08-30 20:04:20.265142	5cad7695-4cc1-43ee-bdbf-66d8274f4989	{"md5": "e519fe9081def2c4795b8635f49feba5", "pid": "10006251", "gender": "female", "$schema": "https://mef.rero.ch/schemas/bnf/bnf-person-v0.0.1.json", "identifier_for_person": "http://catalogue.bnf.fr/ark:/12148/cb100062512", "biographical_information": ["Artiste lyrique (soprano)"], "preferred_name_for_person": "Soyarslan, Çiğdem", "authorized_access_point_representing_a_person": "Soyarslan, Çiğdem"}	1
2020-08-30 20:04:20.354949	2020-08-30 20:04:20.354954	745e6c41-f067-4d1f-bbd8-da4cf9394b9c	{"md5": "f52cf3364f78603d1045a33fb49be79b", "pid": "10006295", "gender": "male", "$schema": "https://mef.rero.ch/schemas/bnf/bnf-person-v0.0.1.json", "date_of_birth": "1...", "date_of_death": "1540", "language_of_person": ["lat"], "identifier_for_person": "http://catalogue.bnf.fr/ark:/12148/cb10006295p", "variant_name_for_person": ["Brisset, Nicolas", "Brissaeus, Nicolaus", "Brissaeus, Nicolaus Montivillarius"], "biographical_information": ["Grammairien"], "preferred_name_for_person": "Brissé, Nicolas", "authorized_access_point_representing_a_person": "Brissé, Nicolas, 1...-1540"}	1
2020-08-30 20:04:20.454371	2020-08-30 20:04:20.454376	1ecb68c8-a56b-484c-92c7-9479178f5e0b	{"md5": "74b78f2d0b2b0f0c5a8b5bcc4a9b105c", "pid": "10006346", "gender": "male", "$schema": "https://mef.rero.ch/schemas/bnf/bnf-person-v0.0.1.json", "date_of_birth": "1874", "date_of_death": "1946", "language_of_person": ["ger"], "identifier_for_person": "http://catalogue.bnf.fr/ark:/12148/cb10006346r", "variant_name_for_person": ["Brockdorff, Cay von"], "biographical_information": ["Professeur de philosophie à l'université de Kiel"], "preferred_name_for_person": "Cay von Brockdorff", "authorized_access_point_representing_a_person": "Cay von Brockdorff, 1874-1946"}	1
2020-08-30 20:04:20.542479	2020-08-30 20:04:20.542484	27693cf6-c858-4239-a9f7-462aee8c30fc	{"md5": "544f163094337bf10961536af3b7ab32", "pid": "10006383", "gender": "male", "$schema": "https://mef.rero.ch/schemas/bnf/bnf-person-v0.0.1.json", "date_of_birth": "1794", "date_of_death": "1859", "language_of_person": ["fre"], "identifier_for_person": "http://catalogue.bnf.fr/ark:/12148/cb10006383z", "variant_name_for_person": ["Brondeau, Louis de"], "biographical_information": ["Botaniste, élève de Boudon de Saint Amans. - Collaborateur et dessinateur de la \\"Flore agenaise ...\\""], "preferred_name_for_person": "Jégun de Marans, Antoine-Louis-Georges", "authorized_access_point_representing_a_person": "Jégun de Marans, Antoine-Louis-Georges, 1794-1859"}	1
2020-08-30 20:04:20.633253	2020-08-30 20:04:20.633257	1cf1412a-33fa-46eb-9a29-cc2cc061fcd4	{"md5": "b4b1c9b9fcd37959a881b3d4c5da49da", "pid": "10006453", "gender": "male", "$schema": "https://mef.rero.ch/schemas/bnf/bnf-person-v0.0.1.json", "date_of_birth": "18..", "date_of_death": "19..?", "language_of_person": ["ita"], "identifier_for_person": "http://catalogue.bnf.fr/ark:/12148/cb100064539", "variant_name_for_person": ["Brozzi, Antonio Paglicci"], "biographical_information": ["Historien du théâtre"], "preferred_name_for_person": "Paglicci Brozzi, Antonio", "authorized_access_point_representing_a_person": "Paglicci Brozzi, Antonio"}	1
2020-08-30 20:04:20.721477	2020-08-30 20:04:20.721482	81d6dc35-ed0e-46d1-beb8-00526056a201	{"md5": "737b6568671ba314b11fafe8923b2283", "pid": "10006528", "gender": "male", "$schema": "https://mef.rero.ch/schemas/bnf/bnf-person-v0.0.1.json", "date_of_birth": "17..", "date_of_death": "18..", "language_of_person": ["ita"], "identifier_for_person": "http://catalogue.bnf.fr/ark:/12148/cb10006528c", "biographical_information": ["A traduit du français en italien"], "preferred_name_for_person": "Brunati, Giuseppe", "authorized_access_point_representing_a_person": "Brunati, Giuseppe, 17..-18.., traducteur"}	1
2020-08-30 20:04:20.808006	2020-08-30 20:04:20.808011	f69ad2e1-581c-4be2-8760-d2d0fdd1b6e4	{"md5": "fbaf035ec01a6c349b7064de2fd41bd0", "pid": "10006555", "gender": "male", "$schema": "https://mef.rero.ch/schemas/bnf/bnf-person-v0.0.1.json", "date_of_birth": "1758-07-19", "date_of_death": "1785-06-16", "language_of_person": ["fre"], "identifier_for_person": "http://catalogue.bnf.fr/ark:/12148/cb100065558", "variant_name_for_person": ["Bruny d'Entrecasteaux, Jean-Baptiste", "Bruno d'Entrecasteaux, Jean-Baptiste", "Entrecasteaux, Marquis d'"], "biographical_information": ["Premier président à mortier au Parlement de Provence. - Marié le 10 novembre 1776 à Angélique de Castellane (1757-1784), il l'assassine dans la nuit du 30 au 31 mai 1784 car il est follement épris de Sylvie de Saint-Simon et s'enfuit au Portugal où il meurt en prison"], "preferred_name_for_person": "Entrecasteaux, Jean-Baptiste d'", "authorized_access_point_representing_a_person": "Entrecasteaux, Jean-Baptiste d', 1758-1785"}	1
2020-08-30 20:04:20.922061	2020-08-30 20:04:20.922067	40425937-31c4-4a79-90ae-84ad12add14b	{"md5": "6a9acdcb331d2f68252c0a2d67f7a3fd", "pid": "10006589", "gender": "male", "$schema": "https://mef.rero.ch/schemas/bnf/bnf-person-v0.0.1.json", "date_of_birth": "1808-09-28", "date_of_death": "1878-11-30", "language_of_person": ["fre"], "identifier_for_person": "http://catalogue.bnf.fr/ark:/12148/cb10006589k", "biographical_information": ["Évêque titulaire de Sergiopolis (à partir de 1856-1857). - Vicaire apostolique du Tchély sud-est (1856-1864), puis du Kiangnan. - Chanoine d'honneur de Châlons-en-Champagne"], "preferred_name_for_person": "Languillat, Adrien Hippolyte", "authorized_access_point_representing_a_person": "Languillat, Adrien Hippolyte, 1808-1878"}	1
2020-08-30 20:04:21.044291	2020-08-30 20:04:21.044297	502d6e12-c4b2-475a-901c-b528c9b667bc	{"md5": "1926e0076aa06e6aa195aec03d10347b", "pid": "10006590", "gender": "female", "$schema": "https://mef.rero.ch/schemas/bnf/bnf-person-v0.0.1.json", "date_of_birth": "1715-11-08", "date_of_death": "1797-01-13", "language_of_person": ["ger"], "identifier_for_person": "http://catalogue.bnf.fr/ark:/12148/cb10006590s", "variant_name_for_person": ["Élisabeth-Christine de Brunswick Wolfenbuttel", "Brunswick-Wolfenbuttel, Élisabeth-Christine de", "Elisabeth-Christine von Braunschweig-Bevern", "Braunschweig-Bevern, Elisabeth-Christine von"], "biographical_information": ["Fille du duc Ferdinand Albert II de Brunswick-Wolfenbüttel, et nièce de Charles VI du Saint-Empire. - Épouse Frédéric II de Prusse, en 1733"], "preferred_name_for_person": "Élisabeth-Christine", "authorized_access_point_representing_a_person": "Élisabeth-Christine, reine de Prusse, 1715-1797"}	1
2020-08-30 20:04:21.174425	2020-08-30 20:04:21.174431	6ce40f17-0b5e-424a-ac15-ad75567b0324	{"md5": "03e2670f939d0edc79a3ea976e7c0556", "pid": "10006658", "gender": "male", "$schema": "https://mef.rero.ch/schemas/bnf/bnf-person-v0.0.1.json", "date_of_birth": "18..", "date_of_death": "18..?", "language_of_person": ["fre"], "identifier_for_person": "http://catalogue.bnf.fr/ark:/12148/cb10006658k", "variant_name_for_person": ["Lépinois, Eugène Louis Ernest de Buchère de"], "preferred_name_for_person": "Buchère de Lépinois, Eugène Louis Ernest de", "authorized_access_point_representing_a_person": "Buchère de Lépinois, Eugène Louis Ernest de"}	1
2020-08-30 20:04:21.304596	2020-08-30 20:04:21.304601	ef722bb9-813d-4787-9a2f-94e040a428e0	{"md5": "8b86bfa43a9e32a1e71cd6dee225c0db", "pid": "10006959", "gender": "male", "$schema": "https://mef.rero.ch/schemas/bnf/bnf-person-v0.0.1.json", "date_of_birth": "1844", "date_of_death": "1919", "language_of_person": ["eng"], "identifier_for_person": "http://catalogue.bnf.fr/ark:/12148/cb10006959r", "variant_name_for_person": ["Butler, James"], "preferred_name_for_person": "Butler, James Edward William Theobald, Marquis of Ormonde", "authorized_access_point_representing_a_person": "Butler, James Edward William Theobald, Marquis of Ormonde, 1844-1919"}	1
2020-08-30 20:04:21.409417	2020-08-30 20:04:21.409422	af38b76c-13c5-488f-b4bd-8ba724a14e09	{"md5": "351a177070b81611a335883b9b3975b5", "pid": "10007004", "gender": "male", "$schema": "https://mef.rero.ch/schemas/bnf/bnf-person-v0.0.1.json", "date_of_birth": "1822", "date_of_death": "1883-10-22", "language_of_person": ["fre"], "identifier_for_person": "http://catalogue.bnf.fr/ark:/12148/cb100070047", "variant_name_for_person": ["Cauna, Bernard-Augustin de Cabannes", "Cabannes, Bernard-Augustin-Henri-Timothée", "Cabannes, Bernard-Augustin de"], "preferred_name_for_person": "Cauna, Bernard-Augustin-Henri-Timothée de Cabannes", "authorized_access_point_representing_a_person": "Cauna, Bernard-Augustin-Henri-Timothée de Cabannes, 1822-1883, baron de"}	1
2020-08-30 20:04:21.504125	2020-08-30 20:04:21.50413	95b253bd-03be-4632-b5ef-10e6b4a8c353	{"md5": "2eea35bd8aca3547ffdd4d8d8f8ac129", "pid": "10007136", "gender": "male", "$schema": "https://mef.rero.ch/schemas/bnf/bnf-person-v0.0.1.json", "date_of_birth": "15..", "date_of_death": "1620", "language_of_person": ["fre"], "identifier_for_person": "http://catalogue.bnf.fr/ark:/12148/cb100071364", "variant_name_for_person": ["Caillier, Raoul", "Caillier, Rodolphe", "Cailler, Rodolphe"], "biographical_information": ["Poète. - Avocat au Parlement de Paris"], "preferred_name_for_person": "Cailler, Raoul", "authorized_access_point_representing_a_person": "Cailler, Raoul, 15..-1620"}	1
2020-08-30 20:04:21.609659	2020-08-30 20:04:21.609665	6894a7be-2367-49f3-8727-209675e2ca99	{"md5": "1131048bf6809b4c4e784d525352aaca", "pid": "10007259", "gender": "male", "$schema": "https://mef.rero.ch/schemas/bnf/bnf-person-v0.0.1.json", "date_of_birth": "19..", "language_of_person": ["gre"], "identifier_for_person": "http://catalogue.bnf.fr/ark:/12148/cb100072592", "variant_name_for_person": ["Couroúdis, Cóstas"], "biographical_information": ["Néo-helléniste"], "preferred_name_for_person": "Kouroúdīs, Kṓstas", "authorized_access_point_representing_a_person": "Kouroúdīs, Kṓstas"}	1
2020-08-30 20:04:21.716687	2020-08-30 20:04:21.716692	03fe7f4e-a47e-4ae7-b3d6-0e1900db4c7c	{"md5": "915f91e33fc97fc592d3d2a0d8d1c0db", "pid": "10007302", "gender": "male", "$schema": "https://mef.rero.ch/schemas/bnf/bnf-person-v0.0.1.json", "date_of_birth": "1665-02-17", "date_of_death": "1721-09-21", "language_of_person": ["ger"], "identifier_for_person": "http://catalogue.bnf.fr/ark:/12148/cb10007302c", "variant_name_for_person": ["Camerarius, Rudolphus Jacobus", "Camerer, Rudolf Jacob", "Camerer, Rudolf Jakob", "Camerer, Rudolphus Jacobus"], "biographical_information": ["Botaniste. - A été professeur à l'Université de Tübingen, Allemagne"], "preferred_name_for_person": "Camerarius, Rudolf Jacob", "authorized_access_point_representing_a_person": "Camerarius, Rudolf Jacob, 1665-1721"}	1
2020-08-30 20:04:21.812485	2020-08-30 20:04:21.81249	de97c113-6049-4952-ac7b-682d4561405b	{"md5": "a8f4a6d4f340af1a05423bd8e584df99", "pid": "10007355", "gender": "female", "$schema": "https://mef.rero.ch/schemas/bnf/bnf-person-v0.0.1.json", "date_of_birth": "1724", "date_of_death": "1800", "language_of_person": ["fre"], "identifier_for_person": "http://catalogue.bnf.fr/ark:/12148/cb10007355z", "variant_name_for_person": ["Campet de Saujon, Mlle", "Campet de Saujon, Marie-Charlotte-Hippolyte de"], "preferred_name_for_person": "Boufflers, Marie-Charlotte-Hippolyte Campet de Saujon, Ctesse Edouard de", "authorized_access_point_representing_a_person": "Boufflers, Marie-Charlotte-Hippolyte Campet de Saujon, Ctesse Edouard de, 1724-1800"}	1
2020-08-30 20:04:21.977682	2020-08-30 20:04:21.977687	4bb8e6ec-a982-40e0-94a0-fc39a66ad8c6	{"md5": "20078595d7daac1078770eb9a5880a8e", "pid": "10007686", "gender": "male", "$schema": "https://mef.rero.ch/schemas/bnf/bnf-person-v0.0.1.json", "language_of_person": ["lat"], "identifier_for_person": "http://catalogue.bnf.fr/ark:/12148/cb100076862", "variant_name_for_person": ["Carellius, Franciscus", "Carellii, Francisci"], "preferred_name_for_person": "Carelli, Francesco", "authorized_access_point_representing_a_person": "Carelli, Francesco"}	1
2020-08-30 20:04:22.076163	2020-08-30 20:04:22.076168	1666bdac-bc2b-4feb-aa9a-1454fc3c2140	{"md5": "fa23cfb35783f1e17a93cbb04165c781", "pid": "10007755", "gender": "female", "$schema": "https://mef.rero.ch/schemas/bnf/bnf-person-v0.0.1.json", "date_of_birth": "18..", "date_of_death": "18..", "language_of_person": ["fre"], "identifier_for_person": "http://catalogue.bnf.fr/ark:/12148/cb100077552", "biographical_information": ["Pseudonyme de Carola Gras de Bagnols"], "preferred_name_for_person": "Carola", "authorized_access_point_representing_a_person": "Carola, 18..-18.."}	1
2020-08-30 20:04:22.169789	2020-08-30 20:04:22.169794	a90b8d35-cd3f-4315-84cd-1a0325036b8f	{"md5": "5cbd7ede27df556015da8947a417bfc3", "pid": "10007910", "gender": "male", "$schema": "https://mef.rero.ch/schemas/bnf/bnf-person-v0.0.1.json", "date_of_birth": "13..", "date_of_death": "1442-02-11", "language_of_person": ["lat"], "identifier_for_person": "http://catalogue.bnf.fr/ark:/12148/cb10007910n", "variant_name_for_person": ["Guillaume de Casal", "Guglielmo Casale", "Guillem de Casal", "Casale, Guillaume de", "Casal, Guillaume de", "Casale, Guglielmo", "Casal, Guillem de"], "biographical_information": ["Franciscain, ministre général de son ordre à partir de 1430", "Les Constitutions de sainte Colette (qui définissent, avec la Règle de sainte Claire de 1253, l'observance des Clarisses colettines) ont été approuvées le 23 ou le 28 septembre 1434 par Guillaume de Casale et par deux cardinaux, légats au Concile de Bâle. On admet que Guillaume de Casale a mis au point le texte de ces constitutions"], "preferred_name_for_person": "Guillaume de Casale", "authorized_access_point_representing_a_person": "Guillaume de Casale, 13..-1442"}	1
2020-08-30 20:04:22.26793	2020-08-30 20:04:22.267935	664ef15c-a31e-417a-ae49-1aeaf9b8ceb8	{"md5": "942fbedd8abebc2f2e5488501fe42235", "pid": "10007971", "gender": "male", "$schema": "https://mef.rero.ch/schemas/bnf/bnf-person-v0.0.1.json", "date_of_birth": "18..", "date_of_death": "18..", "language_of_person": ["fre"], "identifier_for_person": "http://catalogue.bnf.fr/ark:/12148/cb10007971v", "variant_name_for_person": ["Cassagne, J. Saint-Cyr", "Cassagne, J."], "biographical_information": ["Publiciste"], "preferred_name_for_person": "Saint-Cyr Cassagne, J.", "authorized_access_point_representing_a_person": "Saint-Cyr Cassagne, J."}	1
2020-08-30 20:04:22.365645	2020-08-30 20:04:22.365651	f869f871-4b7e-4f6d-ab61-8f2f374fd9f5	{"md5": "3cd5b4bfbbb272b58f70e731776d3d82", "pid": "10008209", "gender": "male", "$schema": "https://mef.rero.ch/schemas/bnf/bnf-person-v0.0.1.json", "date_of_birth": "1698-06-14", "date_of_death": "1764-08-10", "language_of_person": ["ita"], "identifier_for_person": "http://catalogue.bnf.fr/ark:/12148/cb10008209r", "variant_name_for_person": ["Catalano, Giuseppe", "Catalanus, Josephus"], "biographical_information": ["A aussi écrit en latin", "Historien, théologien et juriste"], "preferred_name_for_person": "Catalani, Giuseppe", "authorized_access_point_representing_a_person": "Catalani, Giuseppe, 1698-1764"}	1
2020-08-30 20:04:22.463488	2020-08-30 20:04:22.463493	25fd84e4-8859-4a00-96fd-8b0dc2fb5fe3	{"md5": "15c8d4444d63c9d595e9be2725b454d8", "pid": "10008311", "gender": "male", "$schema": "https://mef.rero.ch/schemas/bnf/bnf-person-v0.0.1.json", "date_of_birth": "1869-08-31", "date_of_death": "1960-08-06", "language_of_person": ["ita"], "identifier_for_person": "http://catalogue.bnf.fr/ark:/12148/cb10008311k", "variant_name_for_person": ["Cavalieri, Pio Franchi de'"], "biographical_information": ["Archéologue. - Président de l'Académie pontificale romaine d'archéologique. - Conservateur de la bibliothèque vaticane"], "preferred_name_for_person": "Franchi de' Cavalieri, Pio", "authorized_access_point_representing_a_person": "Franchi de' Cavalieri, Pio, 1869-1960"}	1
2020-08-30 20:04:23.453069	2020-08-30 20:04:23.453074	fdaa4602-59ac-462c-883d-448f760d8d3c	{"md5": "86dafc4bbc64bf711693060244b9a314", "pid": "10009624", "gender": "male", "$schema": "https://mef.rero.ch/schemas/bnf/bnf-person-v0.0.1.json", "date_of_birth": "1820", "date_of_death": "1897-11-26", "language_of_person": ["fre"], "identifier_for_person": "http://catalogue.bnf.fr/ark:/12148/cb100096240", "biographical_information": ["Prêtre du Diocèse de Bordeaux (ordonné en 1845), chanoine honoraire, vicaire général (1892). - Supérieur du Petit séminaire de Bordeaux (en 1895)"], "preferred_name_for_person": "Dénéchaud, Henri", "authorized_access_point_representing_a_person": "Dénéchaud, Henri, 1820-1897"}	1
2020-08-30 20:04:22.549606	2020-08-30 20:04:22.549611	f8fb0ec7-dc11-42aa-9a5e-0585e1d8c23f	{"md5": "4832791893165585f0a2e0712ba61473", "pid": "10008312", "gender": "male", "$schema": "https://mef.rero.ch/schemas/bnf/bnf-person-v0.0.1.json", "date_of_birth": "1525?", "date_of_death": "1601-07-23", "language_of_person": ["lat"], "identifier_for_person": "http://catalogue.bnf.fr/ark:/12148/cb10008312x", "variant_name_for_person": ["Cavaleriis, Joannes-Baptista de", "Cavalieri, Giovanni-Battista de'", "Cavalleri, Giovanni-Battista de", "Cavalleriis, Giovanni-Battista de", "Cavalleriis, Joannes-Baptista de", "De Cavaleriis, Giovanni-Battista", "De' Cavalieri, Giovanni-Battista", "De' Cavalleri, Giovanni-Battista", "De Cavalleriis, Giovanni-Battista"], "biographical_information": ["Graveur, dessinateur et éditeur"], "preferred_name_for_person": "Cavalieri, Giovanni-Battista", "authorized_access_point_representing_a_person": "Cavalieri, Giovanni-Battista, 1525?-1601"}	1
2020-08-30 20:04:22.638129	2020-08-30 20:04:22.638134	150eda15-c43b-40bf-af11-4fa41ceef2d5	{"md5": "a0ad7e6ab220eb6769e75a3b42848af0", "pid": "10008324", "gender": "male", "$schema": "https://mef.rero.ch/schemas/bnf/bnf-person-v0.0.1.json", "language_of_person": ["und"], "identifier_for_person": "http://catalogue.bnf.fr/ark:/12148/cb10008324x", "biographical_information": ["Compositeur et interprète"], "preferred_name_for_person": "Rynne, Davog", "authorized_access_point_representing_a_person": "Rynne, Davog"}	1
2020-08-30 20:04:22.722294	2020-08-30 20:04:22.722299	0f0cc40b-15e5-4598-b7ea-1ada57d200b2	{"md5": "4c8fb3814d24546ec9c6db472ca96b11", "pid": "10008619", "$schema": "https://mef.rero.ch/schemas/bnf/bnf-person-v0.0.1.json", "language_of_person": ["fre"], "identifier_for_person": "http://catalogue.bnf.fr/ark:/12148/cb100086195", "variant_name_for_person": ["Vicomtesse de Chamilly"], "biographical_information": ["Pseudonyme collectif d'Adolphe Loeve-Veimars (1799-1854), Auguste Romieu (1800-1855) et Émile Vanderburch (1794-1862)"], "preferred_name_for_person": "Chamilly, Vicomtesse de", "authorized_access_point_representing_a_person": "Chamilly, Vicomtesse de"}	1
2020-08-30 20:04:22.803526	2020-08-30 20:04:22.803531	64cfc28e-3eba-494d-800e-801855b34df7	{"md5": "903cbccfee4ec197a668b76d343b8d30", "pid": "10008626", "gender": "male", "$schema": "https://mef.rero.ch/schemas/bnf/bnf-person-v0.0.1.json", "date_of_birth": "1749-12-21", "date_of_death": "1825-03-10", "language_of_person": ["fre"], "identifier_for_person": "http://catalogue.bnf.fr/ark:/12148/cb10008626f", "variant_name_for_person": ["Champ-Rion, Guillaume-Denis-Thomas Levrier"], "biographical_information": ["Auteur dramatique. - Librettiste de l'Opéra-Bouffe"], "preferred_name_for_person": "Levrier Champ-Rion, Guillaume-Denis-Thomas", "authorized_access_point_representing_a_person": "Levrier Champ-Rion, Guillaume-Denis-Thomas, 1749-1825"}	1
2020-08-30 20:04:22.885783	2020-08-30 20:04:22.885787	16d5a4b5-98f4-47e2-94d9-89f08b00ba2c	{"md5": "d4c905c2e9269d68dc926dfe2bd47d73", "pid": "10008670", "gender": "male", "$schema": "https://mef.rero.ch/schemas/bnf/bnf-person-v0.0.1.json", "date_of_birth": "1813-12-21", "date_of_death": "1900-02-16", "language_of_person": ["fre"], "identifier_for_person": "http://catalogue.bnf.fr/ark:/12148/cb10008670x", "variant_name_for_person": ["Champvans, Jean-Chrysogone Guigue de"], "biographical_information": ["Député de l'Ain (1848-1849). - Préfet du Gard (1871-1876). - Inspecteur des enfants assistés de la Seine (à partir de 1876)"], "preferred_name_for_person": "Guigue de Champvans, Jean-Chrysogone", "authorized_access_point_representing_a_person": "Guigue de Champvans, Jean-Chrysogone, 1813-1900"}	1
2020-08-30 20:04:22.97249	2020-08-30 20:04:22.972495	4d5478ef-55db-4e08-8951-848afc63749c	{"md5": "19b63626c5fa58bab5de42bf3023699f", "pid": "10008721", "gender": "male", "$schema": "https://mef.rero.ch/schemas/bnf/bnf-person-v0.0.1.json", "date_of_birth": "1809-08-17", "date_of_death": "1873-12-16", "language_of_person": ["fre"], "identifier_for_person": "http://catalogue.bnf.fr/ark:/12148/cb100087210", "biographical_information": ["Prêtre du Diocèse de Limoges (ordonné en 1832), chanoine honoraire (1872). - Curé d'Aixe-sur-Vienne (à partir de 1856). - Restaurateur du sanctuaire Notre-Dame d'Arliquet, à Aixe-sur-Vienne"], "preferred_name_for_person": "Chapelle, François", "authorized_access_point_representing_a_person": "Chapelle, François, 1809-1873"}	1
2020-08-30 20:04:23.056006	2020-08-30 20:04:23.05601	e31115cc-f45e-419d-b5a7-6702951ffa74	{"md5": "124e0007d62e8cbf838add677d2e277b", "pid": "10008723", "gender": "male", "$schema": "https://mef.rero.ch/schemas/bnf/bnf-person-v0.0.1.json", "date_of_birth": "1612-10-19", "date_of_death": "1656?", "language_of_person": ["fre"], "identifier_for_person": "http://catalogue.bnf.fr/ark:/12148/cb10008723p", "variant_name_for_person": ["Chaperon, Nicolas", "Chappron, Nicolas", "Chapron, Nicolaus"], "biographical_information": ["Peintre, copiste, dessinateur et graveur. - Auteur d'une série de gravures intitulée \\"La Bible de Raphaël\\"", "peintre, dessinateur, graveur"], "preferred_name_for_person": "Chapron, Nicolas", "authorized_access_point_representing_a_person": "Chapron, Nicolas, 1612-1656?"}	1
2020-08-30 20:04:23.169234	2020-08-30 20:04:23.169239	8d05675d-03b8-4412-8306-f908e203f340	{"md5": "6b973e2a9e7b0cdd9f9231ce5e05da7c", "pid": "10008762", "gender": "male", "$schema": "https://mef.rero.ch/schemas/bnf/bnf-person-v0.0.1.json", "date_of_birth": "1452", "date_of_death": "1508?", "language_of_person": ["lat"], "identifier_for_person": "http://catalogue.bnf.fr/ark:/12148/cb10008762k", "variant_name_for_person": ["Hermonymus Spartanus, Georgius", "Hermonyme de Sparte, Georges", "Hermonyme de Sparte", "Hermonimus, George"], "biographical_information": ["Professeur de grec à Paris. - Copiste et traducteur de grec"], "preferred_name_for_person": "Hermonyme, Georges", "authorized_access_point_representing_a_person": "Hermonyme, Georges, 1452-1508?"}	1
2020-08-30 20:04:23.274437	2020-08-30 20:04:23.274443	6dca2a83-d3eb-47d0-ac40-a81d2fa2f300	{"md5": "4c4e96e7370c84605c15e1549f6ba81e", "pid": "10009403", "gender": "female", "$schema": "https://mef.rero.ch/schemas/bnf/bnf-person-v0.0.1.json", "date_of_birth": "1880-05-04", "date_of_death": "1959-10-20", "language_of_person": ["fre"], "identifier_for_person": "http://catalogue.bnf.fr/ark:/12148/cb10009403g", "biographical_information": ["Directrice du Pensionnat Saint-Bernard de Châtillon-sur-Seine, Côte-d'Or (1910)"], "preferred_name_for_person": "Cirbeau, Marie", "authorized_access_point_representing_a_person": "Cirbeau, Marie, 1880-1959"}	1
2020-08-30 20:04:23.36081	2020-08-30 20:04:23.360815	ca4d00d3-af88-4933-9de6-903a5d025bc3	{"md5": "0bb103eb8b212667075c5dd2020a6301", "pid": "10009496", "gender": "male", "$schema": "https://mef.rero.ch/schemas/bnf/bnf-person-v0.0.1.json", "date_of_birth": "04..", "date_of_death": "0473?", "language_of_person": ["lat"], "identifier_for_person": "http://catalogue.bnf.fr/ark:/12148/cb100094969", "variant_name_for_person": ["Mamertus, Claudianus Ecdidius", "Mamertus, Claudianus Sedicius", "Claudianus Mamertus"], "biographical_information": ["Philosophe et théologien gallo-romain"], "preferred_name_for_person": "Mamert, Claudien", "authorized_access_point_representing_a_person": "Mamert, Claudien, 04..-0473?"}	1
2020-08-30 20:04:23.534387	2020-08-30 20:04:23.534392	904157ee-c358-4203-8df0-f76694dc2146	{"md5": "93781adc4933dbe042497d4999d897f6", "pid": "10009939", "gender": "male", "$schema": "https://mef.rero.ch/schemas/bnf/bnf-person-v0.0.1.json", "date_of_birth": "1530", "date_of_death": "1593", "language_of_person": ["frm"], "identifier_for_person": "http://catalogue.bnf.fr/ark:/12148/cb10009939v", "biographical_information": ["Pseudonyme utilisé par Estienne Gourmelen. - Médecin chirurgien"], "preferred_name_for_person": "Comperat, B.", "authorized_access_point_representing_a_person": "Comperat, B., 1530-1593"}	1
2020-08-30 20:04:23.620662	2020-08-30 20:04:23.620667	f7b8a49a-ab62-46d9-b081-b891b0530000	{"md5": "320dd2ef4f69061c554558f60b235cba", "pid": "10010210", "gender": "male", "$schema": "https://mef.rero.ch/schemas/bnf/bnf-person-v0.0.1.json", "date_of_birth": "1867-11-21", "date_of_death": "1953-08-14", "language_of_person": ["fre"], "identifier_for_person": "http://catalogue.bnf.fr/ark:/12148/cb100102107", "biographical_information": ["Prêtre du Diocèse de Bourges (ordonné en 1891), chanoine honoraire (1947). - Curé de Saint-Chartier (Indre ; 1912-1950). - Membre de la Société des antiquaires du Centre", "Écrivit aussi sous le pseudonyme Hector de Corlay"], "preferred_name_for_person": "Jacob, Émile", "authorized_access_point_representing_a_person": "Jacob, Émile, 1867-1953"}	1
2020-08-30 20:04:23.708254	2020-08-30 20:04:23.70826	c3311f42-25da-4d50-bf4c-b3f67245e71b	{"md5": "6eabe5ce467858a1fc288bfa83524cfd", "pid": "10010219", "gender": "male", "$schema": "https://mef.rero.ch/schemas/bnf/bnf-person-v0.0.1.json", "date_of_birth": "18..", "date_of_death": "1...", "language_of_person": ["fre"], "identifier_for_person": "http://catalogue.bnf.fr/ark:/12148/cb10010219b", "variant_name_for_person": ["Saint-Marc, Corneille"], "biographical_information": ["Docteur en médecine (Paris, 1887)"], "preferred_name_for_person": "Corneille Saint-Marc", "authorized_access_point_representing_a_person": "Corneille Saint-Marc, 18..-1..., médecin"}	1
2020-08-30 20:04:23.804137	2020-08-30 20:04:23.804142	6d3448d2-8579-4d93-ad1d-41c86528a378	{"md5": "d69fceaf2a1b02f87d7fefa00b41b955", "pid": "10010245", "gender": "male", "$schema": "https://mef.rero.ch/schemas/bnf/bnf-person-v0.0.1.json", "date_of_birth": "1957", "language_of_person": ["gre"], "identifier_for_person": "http://catalogue.bnf.fr/ark:/12148/cb10010245w", "variant_name_for_person": ["Dóïkos, Panagiṓtīs O.", "Δόϊκος, Παναγιώτης Ο.", "Dóicos, Panagiótis O.", "Dóïcos, Panagiótis O."], "biographical_information": ["Professeur de philosophie à l'Université Aristote de Thessalonique, Macédoine, Grèce (en 2009)"], "preferred_name_for_person": "Dóikos, Panagiṓtīs O.", "authorized_access_point_representing_a_person": "Dóikos, Panagiṓtīs O., 1957-...."}	1
2020-08-30 20:04:23.89254	2020-08-30 20:04:23.892545	e4e12400-d4ad-406d-9770-09bb4ec93780	{"md5": "25ba3ef91e5af7906041c414854c6828", "pid": "10010250", "gender": "male", "$schema": "https://mef.rero.ch/schemas/bnf/bnf-person-v0.0.1.json", "date_of_birth": "1972", "language_of_person": ["gre", "eng"], "identifier_for_person": "http://catalogue.bnf.fr/ark:/12148/cb10010250g", "variant_name_for_person": ["Rongákos, Megaklís", "Rongácos, Megaclís"], "biographical_information": ["Historien d'art ; organisateur d'expositions. - Conservateur d'art au Collège américain de Grèce, Athènes, Attique (de 2004 à 2012). - Doctorant en histoire de l'art à l'Université d'Essex, Colchester, Grande-Bretagne (en 2012)"], "preferred_name_for_person": "Rogkákos, Megaklī́s", "authorized_access_point_representing_a_person": "Rogkákos, Megaklī́s, 1972-...."}	1
2020-08-30 20:04:24.010537	2020-08-30 20:04:24.010543	7c0a804d-eead-4833-a76b-c9c4abf1c2e7	{"md5": "6d037ac622f105906784bf61173ba8d9", "pid": "10010490", "gender": "male", "$schema": "https://mef.rero.ch/schemas/bnf/bnf-person-v0.0.1.json", "date_of_birth": "1817-03-10", "language_of_person": ["fre"], "identifier_for_person": "http://catalogue.bnf.fr/ark:/12148/cb100104908", "variant_name_for_person": ["Cours, Alexandre de Labarthe de", "Cours, de", "Robert de Labarthe de, Cours"], "biographical_information": ["Prénoms complets : Louis Alexandre Robert. - Inspecteur général de l'enseignement primaire"], "preferred_name_for_person": "Cours de Labarthe, Alexandre de", "authorized_access_point_representing_a_person": "Cours de Labarthe, Alexandre de, 1817-...."}	1
2020-08-30 20:04:24.089015	2020-08-30 20:04:24.08902	df2d5bb8-267e-4333-b5cf-7fa5f680000d	{"md5": "7018c96738e51db80b5392d33994c4ee", "pid": "10010614", "gender": "male", "$schema": "https://mef.rero.ch/schemas/bnf/bnf-person-v0.0.1.json", "date_of_birth": "1811-05-02", "date_of_death": "1876-01-22", "language_of_person": ["fre"], "identifier_for_person": "http://catalogue.bnf.fr/ark:/12148/cb10010614q", "variant_name_for_person": ["Cordus, Cremutius"], "biographical_information": ["Pseudonyme de Marc Dufraisse"], "preferred_name_for_person": "Cremutius Cordus", "authorized_access_point_representing_a_person": "Cremutius Cordus, 1811-1876"}	1
2020-08-30 20:04:24.173063	2020-08-30 20:04:24.173068	89ba90da-fbfe-4689-a05c-5538c9320e7d	{"md5": "21517fab8f2d13090684f3615e216782", "pid": "10010744", "gender": "male", "$schema": "https://mef.rero.ch/schemas/bnf/bnf-person-v0.0.1.json", "date_of_birth": "18..", "date_of_death": "1928", "language_of_person": ["fre"], "identifier_for_person": "http://catalogue.bnf.fr/ark:/12148/cb10010744x", "variant_name_for_person": ["Vour, F. E. Cros de"], "preferred_name_for_person": "Cros de Vour, F. E.", "authorized_access_point_representing_a_person": "Cros de Vour, F. E., 18..-1928"}	1
