2023-05-02 16:56:10.995671	2023-05-02 16:56:10.995676	e78b2582-ab08-4b12-808d-be2dd15850a1	{"pid": "1", "rero": {"$ref": "https://mef.rero.ch/api/concepts/rero/A009955971"}, "type": "bf:Concept", "$schema": "https://mef.rero.ch/schemas/concepts_mef/mef-concept-v0.0.1.json"}	1
2023-05-02 16:56:11.075627	2023-05-02 16:56:11.07563	6cd83bab-6e4f-4ed6-a894-e5445c62c857	{"pid": "2", "rero": {"$ref": "https://mef.rero.ch/api/concepts/rero/A010077990"}, "type": "bf:Concept", "$schema": "https://mef.rero.ch/schemas/concepts_mef/mef-concept-v0.0.1.json"}	1
2023-05-02 16:56:11.126141	2023-05-02 16:56:11.126144	31e2d8be-b0c0-4820-b063-7e38c54e4f92	{"pid": "3", "rero": {"$ref": "https://mef.rero.ch/api/concepts/rero/A021001001"}, "type": "bf:Concept", "$schema": "https://mef.rero.ch/schemas/concepts_mef/mef-concept-v0.0.1.json"}	1
2023-05-02 16:56:11.17535	2023-05-02 16:56:11.175353	bac9d329-7bf6-46b6-adcf-860d393cc959	{"pid": "4", "rero": {"$ref": "https://mef.rero.ch/api/concepts/rero/A021001003"}, "type": "bf:Concept", "$schema": "https://mef.rero.ch/schemas/concepts_mef/mef-concept-v0.0.1.json"}	1
2023-05-02 16:56:11.252449	2023-05-02 16:56:11.252463	3011baa4-1df3-4b74-8224-9d3a795d564f	{"pid": "5", "rero": {"$ref": "https://mef.rero.ch/api/concepts/rero/A021001004"}, "type": "bf:Concept", "$schema": "https://mef.rero.ch/schemas/concepts_mef/mef-concept-v0.0.1.json"}	1
2023-05-02 16:56:11.327787	2023-05-02 16:56:11.327801	3507c149-9de1-441d-9225-0b11e8413486	{"pid": "6", "rero": {"$ref": "https://mef.rero.ch/api/concepts/rero/A021001005"}, "type": "bf:Concept", "$schema": "https://mef.rero.ch/schemas/concepts_mef/mef-concept-v0.0.1.json"}	1
2023-05-02 16:56:11.402567	2023-05-02 16:56:11.402578	5032c3e7-b3e2-4cb5-8a91-748b62186878	{"pid": "7", "rero": {"$ref": "https://mef.rero.ch/api/concepts/rero/A021001006"}, "type": "bf:Concept", "$schema": "https://mef.rero.ch/schemas/concepts_mef/mef-concept-v0.0.1.json"}	1
2023-05-02 16:56:11.475753	2023-05-02 16:56:11.475766	41123029-3dea-4a0d-ab85-efb7d0c43585	{"pid": "8", "rero": {"$ref": "https://mef.rero.ch/api/concepts/rero/A021001007"}, "type": "bf:Concept", "$schema": "https://mef.rero.ch/schemas/concepts_mef/mef-concept-v0.0.1.json"}	1
2023-05-02 16:56:11.556726	2023-05-02 16:56:11.556739	627788fd-d01d-427d-9db6-7bc0d020651a	{"pid": "9", "rero": {"$ref": "https://mef.rero.ch/api/concepts/rero/A021001008"}, "type": "bf:Concept", "$schema": "https://mef.rero.ch/schemas/concepts_mef/mef-concept-v0.0.1.json"}	1
2023-05-02 16:56:11.63025	2023-05-02 16:56:11.630263	c8a7a578-a44d-4aec-a85f-cd99ba169450	{"pid": "10", "rero": {"$ref": "https://mef.rero.ch/api/concepts/rero/A021001009"}, "type": "bf:Concept", "$schema": "https://mef.rero.ch/schemas/concepts_mef/mef-concept-v0.0.1.json"}	1
2023-05-02 16:56:11.691363	2023-05-02 16:56:11.691367	f70d883c-d6fd-4ce9-90b5-028d3f22e84c	{"pid": "11", "rero": {"$ref": "https://mef.rero.ch/api/concepts/rero/A021001012"}, "type": "bf:Concept", "$schema": "https://mef.rero.ch/schemas/concepts_mef/mef-concept-v0.0.1.json"}	1
2023-05-02 16:56:11.743505	2023-05-02 16:56:11.743509	abaaaa5b-ad30-4e8e-bec7-65063db48186	{"pid": "12", "rero": {"$ref": "https://mef.rero.ch/api/concepts/rero/A021001013"}, "type": "bf:Concept", "$schema": "https://mef.rero.ch/schemas/concepts_mef/mef-concept-v0.0.1.json"}	1
2023-05-02 16:56:11.79161	2023-05-02 16:56:11.791613	5883f4b7-a76a-4044-bf48-77a47d579a64	{"pid": "13", "rero": {"$ref": "https://mef.rero.ch/api/concepts/rero/A021001014"}, "type": "bf:Concept", "$schema": "https://mef.rero.ch/schemas/concepts_mef/mef-concept-v0.0.1.json"}	1
2023-05-02 16:56:11.849238	2023-05-02 16:56:11.849246	4f2849b2-54f4-466d-b44e-f87ecb6ad093	{"pid": "14", "rero": {"$ref": "https://mef.rero.ch/api/concepts/rero/A021001016"}, "type": "bf:Concept", "$schema": "https://mef.rero.ch/schemas/concepts_mef/mef-concept-v0.0.1.json"}	1
2023-05-02 16:56:11.919952	2023-05-02 16:56:11.919965	b8b51d85-79cb-4d83-8cdb-7c9120b30753	{"pid": "15", "rero": {"$ref": "https://mef.rero.ch/api/concepts/rero/A021001017"}, "type": "bf:Concept", "$schema": "https://mef.rero.ch/schemas/concepts_mef/mef-concept-v0.0.1.json"}	1
2023-05-02 16:56:11.998298	2023-05-02 16:56:11.998311	6064469f-4e81-4343-9acd-50ca23d14575	{"pid": "16", "rero": {"$ref": "https://mef.rero.ch/api/concepts/rero/A021001018"}, "type": "bf:Concept", "$schema": "https://mef.rero.ch/schemas/concepts_mef/mef-concept-v0.0.1.json"}	1
2023-05-02 16:56:12.07474	2023-05-02 16:56:12.074753	74ff57e4-6aa7-4ec7-8f6d-3f731288d49d	{"pid": "17", "rero": {"$ref": "https://mef.rero.ch/api/concepts/rero/A021001021"}, "type": "bf:Concept", "$schema": "https://mef.rero.ch/schemas/concepts_mef/mef-concept-v0.0.1.json"}	1
2023-05-02 16:56:12.150782	2023-05-02 16:56:12.150795	57322080-eeff-453c-8b71-ad825fb12462	{"pid": "18", "rero": {"$ref": "https://mef.rero.ch/api/concepts/rero/A021001023"}, "type": "bf:Concept", "$schema": "https://mef.rero.ch/schemas/concepts_mef/mef-concept-v0.0.1.json"}	1
2023-05-02 16:56:12.226454	2023-05-02 16:56:12.226468	a5b14d33-26a4-4ea6-8d3d-52c839de8503	{"pid": "19", "rero": {"$ref": "https://mef.rero.ch/api/concepts/rero/A021001024"}, "type": "bf:Concept", "$schema": "https://mef.rero.ch/schemas/concepts_mef/mef-concept-v0.0.1.json"}	1
2023-05-02 16:56:12.305795	2023-05-02 16:56:12.305809	73589796-43f9-4f52-bf28-521353b03ea6	{"pid": "20", "rero": {"$ref": "https://mef.rero.ch/api/concepts/rero/A021001025"}, "type": "bf:Concept", "$schema": "https://mef.rero.ch/schemas/concepts_mef/mef-concept-v0.0.1.json"}	1
2023-05-02 16:56:14.818579	2023-05-02 16:56:14.818582	2939a922-abbd-4944-8e80-b8c684fab733	{"pid": "21", "type": "bf:Concept", "idref": {"$ref": "https://mef.rero.ch/api/concepts/idref/027224430"}, "$schema": "https://mef.rero.ch/schemas/concepts_mef/mef-concept-v0.0.1.json"}	1
2023-05-02 16:56:14.899589	2023-05-02 16:56:14.899592	d98a84a3-e6be-4c3d-b4f7-deb1c0196184	{"pid": "22", "type": "bf:Concept", "idref": {"$ref": "https://mef.rero.ch/api/concepts/idref/027227219"}, "$schema": "https://mef.rero.ch/schemas/concepts_mef/mef-concept-v0.0.1.json"}	1
2023-05-02 16:56:14.95274	2023-05-02 16:56:14.952745	4728892b-ab93-4179-b4ae-3dbd3c9762b1	{"pid": "23", "type": "bf:Concept", "idref": {"$ref": "https://mef.rero.ch/api/concepts/idref/027235548"}, "$schema": "https://mef.rero.ch/schemas/concepts_mef/mef-concept-v0.0.1.json"}	1
2023-05-02 16:56:15.004976	2023-05-02 16:56:15.004979	037edc29-27f6-4752-8952-452b7346af64	{"pid": "24", "type": "bf:Concept", "idref": {"$ref": "https://mef.rero.ch/api/concepts/idref/027236226"}, "$schema": "https://mef.rero.ch/schemas/concepts_mef/mef-concept-v0.0.1.json"}	1
2023-05-02 16:56:15.055261	2023-05-02 16:56:15.055264	80528e60-5a76-43b8-9f83-ea108cbb9fc9	{"pid": "25", "type": "bf:Concept", "idref": {"$ref": "https://mef.rero.ch/api/concepts/idref/027243087"}, "$schema": "https://mef.rero.ch/schemas/concepts_mef/mef-concept-v0.0.1.json"}	1
2023-05-02 16:56:15.10591	2023-05-02 16:56:15.105913	6514159d-b823-4b6a-9e51-10a17a59fcce	{"pid": "26", "type": "bf:Concept", "idref": {"$ref": "https://mef.rero.ch/api/concepts/idref/027246655"}, "$schema": "https://mef.rero.ch/schemas/concepts_mef/mef-concept-v0.0.1.json"}	1
2023-05-02 16:56:15.174806	2023-05-02 16:56:15.174818	ce12532d-2bff-41c9-80c1-14c737ac5e7b	{"pid": "27", "type": "bf:Concept", "idref": {"$ref": "https://mef.rero.ch/api/concepts/idref/027256251"}, "$schema": "https://mef.rero.ch/schemas/concepts_mef/mef-concept-v0.0.1.json"}	1
2023-05-02 16:56:15.249288	2023-05-02 16:56:15.249299	fa6d7bf3-1d9b-4550-a2c9-8e30fb7002fe	{"pid": "28", "type": "bf:Concept", "idref": {"$ref": "https://mef.rero.ch/api/concepts/idref/027287289"}, "$schema": "https://mef.rero.ch/schemas/concepts_mef/mef-concept-v0.0.1.json"}	1
2023-05-02 16:56:15.326318	2023-05-02 16:56:15.326337	ebb90e25-8dd3-4460-b6ed-19bdf9dac746	{"pid": "29", "type": "bf:Concept", "idref": {"$ref": "https://mef.rero.ch/api/concepts/idref/027294358"}, "$schema": "https://mef.rero.ch/schemas/concepts_mef/mef-concept-v0.0.1.json"}	1
2023-05-02 16:56:15.40879	2023-05-02 16:56:15.408802	476cd32d-24a2-4a35-8bac-1db18a61974c	{"pid": "30", "type": "bf:Concept", "idref": {"$ref": "https://mef.rero.ch/api/concepts/idref/02730440X"}, "$schema": "https://mef.rero.ch/schemas/concepts_mef/mef-concept-v0.0.1.json"}	1
2023-05-02 16:56:15.477498	2023-05-02 16:56:15.47751	3dd953a1-030e-413a-b8b6-d31d80338ecb	{"pid": "31", "type": "bf:Concept", "idref": {"$ref": "https://mef.rero.ch/api/concepts/idref/027328295"}, "$schema": "https://mef.rero.ch/schemas/concepts_mef/mef-concept-v0.0.1.json"}	1
2023-05-02 16:56:15.558639	2023-05-02 16:56:15.55865	594cc1a6-298f-4113-a91f-dcc0ef56a99b	{"pid": "32", "type": "bf:Concept", "idref": {"$ref": "https://mef.rero.ch/api/concepts/idref/027354431"}, "$schema": "https://mef.rero.ch/schemas/concepts_mef/mef-concept-v0.0.1.json"}	1
2023-05-02 16:56:15.638842	2023-05-02 16:56:15.638854	4e047ad5-5267-445a-be5b-c95df04489a9	{"pid": "33", "type": "bf:Concept", "idref": {"$ref": "https://mef.rero.ch/api/concepts/idref/027366669"}, "$schema": "https://mef.rero.ch/schemas/concepts_mef/mef-concept-v0.0.1.json"}	1
2023-05-02 16:56:15.715481	2023-05-02 16:56:15.715487	88f41a60-786e-482a-a2ad-2a4df3d87bed	{"pid": "34", "type": "bf:Concept", "idref": {"$ref": "https://mef.rero.ch/api/concepts/idref/027389782"}, "$schema": "https://mef.rero.ch/schemas/concepts_mef/mef-concept-v0.0.1.json"}	1
2023-05-02 16:56:15.794698	2023-05-02 16:56:15.794709	91124c43-75f5-4a69-a81f-564bc3125fa2	{"pid": "35", "type": "bf:Concept", "idref": {"$ref": "https://mef.rero.ch/api/concepts/idref/027430162"}, "$schema": "https://mef.rero.ch/schemas/concepts_mef/mef-concept-v0.0.1.json"}	1
2023-05-02 16:56:15.8552	2023-05-02 16:56:15.855205	9ee9751f-962f-4aa4-96d7-95fdcf5f36a6	{"pid": "36", "type": "bf:Concept", "idref": {"$ref": "https://mef.rero.ch/api/concepts/idref/027488462"}, "$schema": "https://mef.rero.ch/schemas/concepts_mef/mef-concept-v0.0.1.json"}	1
2023-05-02 16:56:15.91267	2023-05-02 16:56:15.912673	712a659f-cb56-4919-b0f6-a53ddfb0c2be	{"pid": "37", "type": "bf:Concept", "idref": {"$ref": "https://mef.rero.ch/api/concepts/idref/02750610X"}, "$schema": "https://mef.rero.ch/schemas/concepts_mef/mef-concept-v0.0.1.json"}	1
2023-05-02 16:56:15.968899	2023-05-02 16:56:15.968903	fd532001-78b2-4452-84a8-225fbf66fecc	{"pid": "38", "type": "bf:Concept", "idref": {"$ref": "https://mef.rero.ch/api/concepts/idref/027510387"}, "$schema": "https://mef.rero.ch/schemas/concepts_mef/mef-concept-v0.0.1.json"}	1
2023-05-02 16:56:16.036467	2023-05-02 16:56:16.036477	3814b7ae-743d-466f-8afa-5c7f0b8e2de2	{"pid": "39", "type": "bf:Concept", "idref": {"$ref": "https://mef.rero.ch/api/concepts/idref/027599701"}, "$schema": "https://mef.rero.ch/schemas/concepts_mef/mef-concept-v0.0.1.json"}	1
2023-05-02 16:56:16.117035	2023-05-02 16:56:16.117048	ac718c76-6cdc-4096-85d6-7e51584afa00	{"pid": "40", "type": "bf:Concept", "idref": {"$ref": "https://mef.rero.ch/api/concepts/idref/027652254"}, "$schema": "https://mef.rero.ch/schemas/concepts_mef/mef-concept-v0.0.1.json"}	1
2023-05-02 16:56:16.202617	2023-05-02 16:56:16.20263	349f25da-efad-483b-9a11-fb8ac9d4728d	{"pid": "41", "type": "bf:Concept", "idref": {"$ref": "https://mef.rero.ch/api/concepts/idref/027661504"}, "$schema": "https://mef.rero.ch/schemas/concepts_mef/mef-concept-v0.0.1.json"}	1
2023-05-02 16:56:16.287883	2023-05-02 16:56:16.287895	7bacf158-459f-4872-864f-910c5472e400	{"pid": "42", "type": "bf:Concept", "idref": {"$ref": "https://mef.rero.ch/api/concepts/idref/027675823"}, "$schema": "https://mef.rero.ch/schemas/concepts_mef/mef-concept-v0.0.1.json"}	1
2023-05-02 16:56:16.367383	2023-05-02 16:56:16.367396	ffe718af-62bb-41b2-8ed1-d195f9220afe	{"pid": "43", "type": "bf:Concept", "idref": {"$ref": "https://mef.rero.ch/api/concepts/idref/027688739"}, "$schema": "https://mef.rero.ch/schemas/concepts_mef/mef-concept-v0.0.1.json"}	1
2023-05-02 16:56:16.451219	2023-05-02 16:56:16.451231	ac83b500-1728-4611-b359-c953ea03c5ec	{"pid": "44", "type": "bf:Concept", "idref": {"$ref": "https://mef.rero.ch/api/concepts/idref/027699870"}, "$schema": "https://mef.rero.ch/schemas/concepts_mef/mef-concept-v0.0.1.json"}	1
2023-05-02 16:56:16.52384	2023-05-02 16:56:16.523847	4fea3d6f-2bf1-4d6d-91b4-6ea383c82b68	{"pid": "45", "type": "bf:Concept", "idref": {"$ref": "https://mef.rero.ch/api/concepts/idref/02770940X"}, "$schema": "https://mef.rero.ch/schemas/concepts_mef/mef-concept-v0.0.1.json"}	1
2023-05-02 16:56:16.600871	2023-05-02 16:56:16.600882	80192cf0-cb49-430a-82ca-9abf078da2f8	{"pid": "46", "type": "bf:Concept", "idref": {"$ref": "https://mef.rero.ch/api/concepts/idref/027741060"}, "$schema": "https://mef.rero.ch/schemas/concepts_mef/mef-concept-v0.0.1.json"}	1
2023-05-02 16:56:16.678863	2023-05-02 16:56:16.678873	e20753ce-38c5-48be-b03d-97bb0ded7c55	{"pid": "47", "type": "bf:Concept", "idref": {"$ref": "https://mef.rero.ch/api/concepts/idref/027741125"}, "$schema": "https://mef.rero.ch/schemas/concepts_mef/mef-concept-v0.0.1.json"}	1
2023-05-02 16:56:16.756969	2023-05-02 16:56:16.756981	8e9f498a-f316-42a0-951a-ded8eedb5eb1	{"pid": "48", "type": "bf:Concept", "idref": {"$ref": "https://mef.rero.ch/api/concepts/idref/027765369"}, "$schema": "https://mef.rero.ch/schemas/concepts_mef/mef-concept-v0.0.1.json"}	1
2023-05-02 16:56:16.835542	2023-05-02 16:56:16.835553	35bdc13d-fec4-4b96-9bce-e4f5bbf7f662	{"pid": "49", "type": "bf:Concept", "idref": {"$ref": "https://mef.rero.ch/api/concepts/idref/027785084"}, "$schema": "https://mef.rero.ch/schemas/concepts_mef/mef-concept-v0.0.1.json"}	1
2023-05-02 16:56:16.899492	2023-05-02 16:56:16.899495	77f8e8f1-63f9-4277-a440-5f5344b8636a	{"pid": "50", "type": "bf:Concept", "idref": {"$ref": "https://mef.rero.ch/api/concepts/idref/027805220"}, "$schema": "https://mef.rero.ch/schemas/concepts_mef/mef-concept-v0.0.1.json"}	1
2023-05-02 16:56:16.957602	2023-05-02 16:56:16.957606	0a6b7338-8cad-468f-af5e-d4fed23221b1	{"pid": "51", "type": "bf:Concept", "idref": {"$ref": "https://mef.rero.ch/api/concepts/idref/027809781"}, "$schema": "https://mef.rero.ch/schemas/concepts_mef/mef-concept-v0.0.1.json"}	1
2023-05-02 16:56:17.007919	2023-05-02 16:56:17.007922	a42fc29e-fc46-4515-ac3b-95bdb3d24389	{"pid": "52", "type": "bf:Concept", "idref": {"$ref": "https://mef.rero.ch/api/concepts/idref/027811611"}, "$schema": "https://mef.rero.ch/schemas/concepts_mef/mef-concept-v0.0.1.json"}	1
2023-05-02 16:56:17.064072	2023-05-02 16:56:17.064091	6f32ba00-4702-4ff6-b298-4b2330de5cbd	{"pid": "53", "type": "bf:Concept", "idref": {"$ref": "https://mef.rero.ch/api/concepts/idref/027825280"}, "$schema": "https://mef.rero.ch/schemas/concepts_mef/mef-concept-v0.0.1.json"}	1
2023-05-02 16:56:17.140115	2023-05-02 16:56:17.140127	416246df-e1b7-4309-ab17-03b05fdf5ca8	{"pid": "54", "type": "bf:Concept", "idref": {"$ref": "https://mef.rero.ch/api/concepts/idref/027832953"}, "$schema": "https://mef.rero.ch/schemas/concepts_mef/mef-concept-v0.0.1.json"}	1
2023-05-02 16:56:17.220486	2023-05-02 16:56:17.220496	a6ccdb5d-5476-48f2-ac7e-4870ec98aef5	{"pid": "55", "type": "bf:Concept", "idref": {"$ref": "https://mef.rero.ch/api/concepts/idref/027838919"}, "$schema": "https://mef.rero.ch/schemas/concepts_mef/mef-concept-v0.0.1.json"}	1
2023-05-02 16:56:17.294231	2023-05-02 16:56:17.294243	a3b1f649-7ffb-46e0-b325-6d844753606a	{"pid": "56", "type": "bf:Concept", "idref": {"$ref": "https://mef.rero.ch/api/concepts/idref/02784532X"}, "$schema": "https://mef.rero.ch/schemas/concepts_mef/mef-concept-v0.0.1.json"}	1
2023-05-02 16:56:17.377587	2023-05-02 16:56:17.3776	49b6701a-767a-47c6-a915-d281f500eeea	{"pid": "57", "type": "bf:Concept", "idref": {"$ref": "https://mef.rero.ch/api/concepts/idref/027852547"}, "$schema": "https://mef.rero.ch/schemas/concepts_mef/mef-concept-v0.0.1.json"}	1
2023-05-02 16:56:17.458604	2023-05-02 16:56:17.458618	ae5d0cdc-63a3-43b0-98c8-81714da10b66	{"pid": "58", "type": "bf:Concept", "idref": {"$ref": "https://mef.rero.ch/api/concepts/idref/028004698"}, "$schema": "https://mef.rero.ch/schemas/concepts_mef/mef-concept-v0.0.1.json"}	1
2023-05-02 16:56:17.537295	2023-05-02 16:56:17.537305	ee0dde0c-770e-4124-b07d-97db103df745	{"pid": "59", "type": "bf:Concept", "idref": {"$ref": "https://mef.rero.ch/api/concepts/idref/028244494"}, "$schema": "https://mef.rero.ch/schemas/concepts_mef/mef-concept-v0.0.1.json"}	1
2023-05-02 16:56:17.61276	2023-05-02 16:56:17.612771	998fee00-6d20-466f-bd6a-7cad33546439	{"pid": "60", "type": "bf:Concept", "idref": {"$ref": "https://mef.rero.ch/api/concepts/idref/028283678"}, "$schema": "https://mef.rero.ch/schemas/concepts_mef/mef-concept-v0.0.1.json"}	1
2023-05-02 16:56:17.69371	2023-05-02 16:56:17.693721	47c53a17-16cb-4076-a38c-900352a517b1	{"pid": "61", "type": "bf:Concept", "idref": {"$ref": "https://mef.rero.ch/api/concepts/idref/028354559"}, "$schema": "https://mef.rero.ch/schemas/concepts_mef/mef-concept-v0.0.1.json"}	1
2023-05-02 16:56:17.772606	2023-05-02 16:56:17.772618	45dade38-7ebf-430b-a224-c0594136cfae	{"pid": "62", "type": "bf:Concept", "idref": {"$ref": "https://mef.rero.ch/api/concepts/idref/028359070"}, "$schema": "https://mef.rero.ch/schemas/concepts_mef/mef-concept-v0.0.1.json"}	1
2023-05-02 16:56:17.861214	2023-05-02 16:56:17.861222	c012eaa4-c716-4a1f-9459-792bd8217202	{"pid": "63", "type": "bf:Concept", "idref": {"$ref": "https://mef.rero.ch/api/concepts/idref/028701755"}, "$schema": "https://mef.rero.ch/schemas/concepts_mef/mef-concept-v0.0.1.json"}	1
2023-05-02 17:00:43.766563	2023-05-02 17:00:43.76657	671313cd-a569-4b88-9bf6-1c339352d3c6	{"pid": "64", "type": "bf:Concept", "idref": {"$ref": "https://mef.rero.ch/api/concepts/idref/028910044"}, "$schema": "https://mef.rero.ch/schemas/concepts_mef/mef-concept-v0.0.1.json"}	1
2023-05-02 17:00:43.951269	2023-05-02 17:00:43.951274	f88364df-a076-4cd0-b750-1e1c1a440279	{"pid": "65", "type": "bf:Concept", "idref": {"$ref": "https://mef.rero.ch/api/concepts/idref/028962389"}, "$schema": "https://mef.rero.ch/schemas/concepts_mef/mef-concept-v0.0.1.json"}	1
2023-05-02 17:00:44.044642	2023-05-02 17:00:44.044653	49f5cbd2-8382-4fe4-9fdf-941f7275ea32	{"pid": "66", "type": "bf:Concept", "idref": {"$ref": "https://mef.rero.ch/api/concepts/idref/02897297X"}, "$schema": "https://mef.rero.ch/schemas/concepts_mef/mef-concept-v0.0.1.json"}	1
2023-05-02 17:00:44.13437	2023-05-02 17:00:44.134379	4f9a0d08-289b-481e-b744-de091a1988a3	{"pid": "67", "type": "bf:Concept", "idref": {"$ref": "https://mef.rero.ch/api/concepts/idref/029241693"}, "$schema": "https://mef.rero.ch/schemas/concepts_mef/mef-concept-v0.0.1.json"}	1
2023-05-02 17:00:44.271033	2023-05-02 17:00:44.271039	8492b30d-5e2e-4128-904d-505eef334ba6	{"pid": "68", "type": "bf:Concept", "idref": {"$ref": "https://mef.rero.ch/api/concepts/idref/029260892"}, "$schema": "https://mef.rero.ch/schemas/concepts_mef/mef-concept-v0.0.1.json", "deleted": "2022-08-25T10:47:31.610056+00:00"}	1
2023-05-02 17:00:44.361843	2023-05-02 17:00:44.361851	21742709-f8d8-4ff7-bfdd-999ee3e2ee80	{"pid": "69", "type": "bf:Concept", "idref": {"$ref": "https://mef.rero.ch/api/concepts/idref/029560020"}, "$schema": "https://mef.rero.ch/schemas/concepts_mef/mef-concept-v0.0.1.json"}	1
2023-05-02 17:00:44.439977	2023-05-02 17:00:44.439988	e801b180-774a-4db7-bde3-59c41b54576c	{"pid": "70", "type": "bf:Concept", "idref": {"$ref": "https://mef.rero.ch/api/concepts/idref/029563321"}, "$schema": "https://mef.rero.ch/schemas/concepts_mef/mef-concept-v0.0.1.json"}	1
2023-05-02 17:00:44.536527	2023-05-02 17:00:44.536535	7e2c3cd2-1155-4f8d-96ff-f9ee4068b70f	{"pid": "71", "type": "bf:Concept", "idref": {"$ref": "https://mef.rero.ch/api/concepts/idref/029910609"}, "$schema": "https://mef.rero.ch/schemas/concepts_mef/mef-concept-v0.0.1.json"}	1
2023-05-02 17:00:44.620246	2023-05-02 17:00:44.620258	15d9b2e9-c658-4a40-aa40-a2c7736d9f64	{"pid": "72", "type": "bf:Concept", "idref": {"$ref": "https://mef.rero.ch/api/concepts/idref/030714451"}, "$schema": "https://mef.rero.ch/schemas/concepts_mef/mef-concept-v0.0.1.json"}	1
2023-05-02 17:00:44.69971	2023-05-02 17:00:44.699714	1ba90567-abe4-477d-a6f8-a9ed4ebf8494	{"pid": "73", "type": "bf:Concept", "idref": {"$ref": "https://mef.rero.ch/api/concepts/idref/030763762"}, "$schema": "https://mef.rero.ch/schemas/concepts_mef/mef-concept-v0.0.1.json"}	1
2023-05-02 17:00:44.78223	2023-05-02 17:00:44.782235	1f08a91f-21ea-4d02-a569-0989171fe6d3	{"pid": "74", "type": "bf:Concept", "idref": {"$ref": "https://mef.rero.ch/api/concepts/idref/030767806"}, "$schema": "https://mef.rero.ch/schemas/concepts_mef/mef-concept-v0.0.1.json"}	1
2023-05-02 17:00:44.837313	2023-05-02 17:00:44.83732	2fae4a4c-ce2c-4dc6-8a2f-75f411ab525f	{"pid": "75", "type": "bf:Concept", "idref": {"$ref": "https://mef.rero.ch/api/concepts/idref/03116207X"}, "$schema": "https://mef.rero.ch/schemas/concepts_mef/mef-concept-v0.0.1.json"}	1
2023-05-02 17:00:44.893058	2023-05-02 17:00:44.893062	10425fc6-2029-4c59-a649-0eb8be985bc7	{"pid": "76", "type": "bf:Concept", "idref": {"$ref": "https://mef.rero.ch/api/concepts/idref/031474284"}, "$schema": "https://mef.rero.ch/schemas/concepts_mef/mef-concept-v0.0.1.json"}	1
2023-05-02 17:00:44.955429	2023-05-02 17:00:44.955432	17a3b38a-ee09-4a04-86c1-e90a32d458e9	{"pid": "77", "type": "bf:Concept", "idref": {"$ref": "https://mef.rero.ch/api/concepts/idref/031911056"}, "$schema": "https://mef.rero.ch/schemas/concepts_mef/mef-concept-v0.0.1.json"}	1
2023-05-02 17:00:45.030778	2023-05-02 17:00:45.03079	8cd6e586-804e-4552-bc71-b1b4c7101554	{"pid": "78", "type": "bf:Concept", "idref": {"$ref": "https://mef.rero.ch/api/concepts/idref/031992234"}, "$schema": "https://mef.rero.ch/schemas/concepts_mef/mef-concept-v0.0.1.json"}	1
2023-05-02 17:00:45.116006	2023-05-02 17:00:45.116014	163e0e7a-8239-4759-bb20-5c5ea451ee7e	{"pid": "79", "type": "bf:Concept", "idref": {"$ref": "https://mef.rero.ch/api/concepts/idref/03212743X"}, "$schema": "https://mef.rero.ch/schemas/concepts_mef/mef-concept-v0.0.1.json"}	1
2023-05-02 17:00:45.197211	2023-05-02 17:00:45.197225	355e26e7-f853-4499-9847-99e0d387eb5c	{"pid": "80", "type": "bf:Concept", "idref": {"$ref": "https://mef.rero.ch/api/concepts/idref/032187130"}, "$schema": "https://mef.rero.ch/schemas/concepts_mef/mef-concept-v0.0.1.json"}	1
2023-05-02 17:00:45.275859	2023-05-02 17:00:45.275871	5bdc09a6-946d-47a2-b429-c1be28dfb586	{"pid": "81", "type": "bf:Concept", "idref": {"$ref": "https://mef.rero.ch/api/concepts/idref/032563507"}, "$schema": "https://mef.rero.ch/schemas/concepts_mef/mef-concept-v0.0.1.json"}	1
2023-05-02 17:00:45.350084	2023-05-02 17:00:45.350096	f02a7e9b-9e42-4d59-84b9-a9a123af0fe6	{"pid": "82", "type": "bf:Concept", "idref": {"$ref": "https://mef.rero.ch/api/concepts/idref/032972938"}, "$schema": "https://mef.rero.ch/schemas/concepts_mef/mef-concept-v0.0.1.json"}	1
2023-05-02 17:00:45.44088	2023-05-02 17:00:45.44089	c8e31a8c-aa1c-45dd-b4d0-29133c61158e	{"pid": "83", "type": "bf:Concept", "idref": {"$ref": "https://mef.rero.ch/api/concepts/idref/03388157X"}, "$schema": "https://mef.rero.ch/schemas/concepts_mef/mef-concept-v0.0.1.json"}	1
2023-05-02 17:00:45.514606	2023-05-02 17:00:45.514619	ab639eaa-bf06-4706-ae76-e148bb1c1a78	{"pid": "84", "type": "bf:Concept", "idref": {"$ref": "https://mef.rero.ch/api/concepts/idref/034160523"}, "$schema": "https://mef.rero.ch/schemas/concepts_mef/mef-concept-v0.0.1.json"}	1
2023-05-02 17:00:45.601504	2023-05-02 17:00:45.601516	1c599f36-7312-437a-9f35-9858683dcad1	{"pid": "85", "type": "bf:Concept", "idref": {"$ref": "https://mef.rero.ch/api/concepts/idref/034490906"}, "$schema": "https://mef.rero.ch/schemas/concepts_mef/mef-concept-v0.0.1.json"}	1
2023-05-02 17:00:45.688704	2023-05-02 17:00:45.688715	3106e7d7-f849-4fd5-938c-1ace3f17446c	{"pid": "86", "type": "bf:Concept", "idref": {"$ref": "https://mef.rero.ch/api/concepts/idref/034680365"}, "$schema": "https://mef.rero.ch/schemas/concepts_mef/mef-concept-v0.0.1.json"}	1
2023-05-02 17:00:45.768991	2023-05-02 17:00:45.769005	332caa8e-408e-4d78-bd72-1aa03e6e7f2c	{"pid": "87", "type": "bf:Concept", "idref": {"$ref": "https://mef.rero.ch/api/concepts/idref/035801123"}, "$schema": "https://mef.rero.ch/schemas/concepts_mef/mef-concept-v0.0.1.json"}	1
2023-05-02 17:00:45.834382	2023-05-02 17:00:45.83439	af4c5b69-3519-43e8-ba11-479665d753c6	{"pid": "88", "type": "bf:Concept", "idref": {"$ref": "https://mef.rero.ch/api/concepts/idref/050203177"}, "$schema": "https://mef.rero.ch/schemas/concepts_mef/mef-concept-v0.0.1.json"}	1
2023-05-02 17:00:45.892779	2023-05-02 17:00:45.892782	f3323aa1-254a-4bab-8698-746d2a3a501c	{"pid": "89", "type": "bf:Concept", "idref": {"$ref": "https://mef.rero.ch/api/concepts/idref/050513478"}, "$schema": "https://mef.rero.ch/schemas/concepts_mef/mef-concept-v0.0.1.json"}	1
2023-05-02 17:00:45.951088	2023-05-02 17:00:45.951092	9b4f0596-98ce-404a-90e5-f5c0779e1d15	{"pid": "90", "type": "bf:Concept", "idref": {"$ref": "https://mef.rero.ch/api/concepts/idref/077061284"}, "$schema": "https://mef.rero.ch/schemas/concepts_mef/mef-concept-v0.0.1.json"}	1
2023-05-02 17:00:46.01469	2023-05-02 17:00:46.014701	20690671-04f1-4e3a-bae4-0aebd1c98a85	{"pid": "91", "type": "bf:Concept", "idref": {"$ref": "https://mef.rero.ch/api/concepts/idref/080206913"}, "$schema": "https://mef.rero.ch/schemas/concepts_mef/mef-concept-v0.0.1.json"}	1
2023-05-02 17:00:46.091142	2023-05-02 17:00:46.091153	ac525540-f73e-4214-94ad-70abdb5881ca	{"pid": "92", "type": "bf:Concept", "idref": {"$ref": "https://mef.rero.ch/api/concepts/idref/083620338"}, "$schema": "https://mef.rero.ch/schemas/concepts_mef/mef-concept-v0.0.1.json"}	1
2023-05-02 17:00:46.178413	2023-05-02 17:00:46.17846	21d48285-70cf-4a11-9900-ef99e5f31379	{"pid": "93", "type": "bf:Concept", "idref": {"$ref": "https://mef.rero.ch/api/concepts/idref/083622519"}, "$schema": "https://mef.rero.ch/schemas/concepts_mef/mef-concept-v0.0.1.json", "deleted": "2022-08-25T10:47:31.616254+00:00"}	1
2023-05-02 17:00:46.261887	2023-05-02 17:00:46.261899	3ba89d5b-906a-45c8-8a84-f9c3b764baed	{"pid": "94", "type": "bf:Concept", "idref": {"$ref": "https://mef.rero.ch/api/concepts/idref/092468675"}, "$schema": "https://mef.rero.ch/schemas/concepts_mef/mef-concept-v0.0.1.json"}	1
2023-05-02 17:00:46.339857	2023-05-02 17:00:46.339869	5c1e3703-a7bd-48b1-aade-25635cf29e33	{"pid": "95", "type": "bf:Concept", "idref": {"$ref": "https://mef.rero.ch/api/concepts/idref/113531923"}, "$schema": "https://mef.rero.ch/schemas/concepts_mef/mef-concept-v0.0.1.json"}	1
2023-05-02 17:00:46.42543	2023-05-02 17:00:46.425442	52e573db-5ee1-459c-925e-f65099787954	{"pid": "96", "type": "bf:Concept", "idref": {"$ref": "https://mef.rero.ch/api/concepts/idref/119256347"}, "$schema": "https://mef.rero.ch/schemas/concepts_mef/mef-concept-v0.0.1.json"}	1
2023-05-02 17:00:46.508346	2023-05-02 17:00:46.508358	e9a65432-1961-45e1-975f-95f547467473	{"pid": "97", "type": "bf:Concept", "idref": {"$ref": "https://mef.rero.ch/api/concepts/idref/130730173"}, "$schema": "https://mef.rero.ch/schemas/concepts_mef/mef-concept-v0.0.1.json"}	1
2023-05-02 17:00:46.600855	2023-05-02 17:00:46.600866	925f9423-ccdf-4d47-9be8-363f6e7658f5	{"pid": "98", "type": "bf:Concept", "idref": {"$ref": "https://mef.rero.ch/api/concepts/idref/132184214"}, "$schema": "https://mef.rero.ch/schemas/concepts_mef/mef-concept-v0.0.1.json"}	1
2023-05-02 17:00:46.693218	2023-05-02 17:00:46.693229	c21a7315-1011-49c5-a369-2ee437ecfdec	{"pid": "99", "type": "bf:Concept", "idref": {"$ref": "https://mef.rero.ch/api/concepts/idref/146321944"}, "$schema": "https://mef.rero.ch/schemas/concepts_mef/mef-concept-v0.0.1.json"}	1
2023-05-02 17:00:46.77187	2023-05-02 17:00:46.771878	af131cf1-e8cc-436b-b5d9-fdf187aa5bd0	{"pid": "100", "type": "bf:Concept", "idref": {"$ref": "https://mef.rero.ch/api/concepts/idref/146774094"}, "$schema": "https://mef.rero.ch/schemas/concepts_mef/mef-concept-v0.0.1.json"}	1
2023-05-02 17:00:46.847599	2023-05-02 17:00:46.847603	18348fd0-10ee-44e7-aefa-23ca825ccd3b	{"pid": "101", "type": "bf:Concept", "idref": {"$ref": "https://mef.rero.ch/api/concepts/idref/16573762X"}, "$schema": "https://mef.rero.ch/schemas/concepts_mef/mef-concept-v0.0.1.json"}	1
2023-05-02 17:00:46.904096	2023-05-02 17:00:46.9041	dba7555f-c8f0-4f27-96ed-8bc260f29029	{"pid": "102", "type": "bf:Concept", "idref": {"$ref": "https://mef.rero.ch/api/concepts/idref/16719416X"}, "$schema": "https://mef.rero.ch/schemas/concepts_mef/mef-concept-v0.0.1.json"}	1
2023-05-02 17:00:46.959905	2023-05-02 17:00:46.959908	6ff3e9fb-d7f5-48d8-b13e-f148261e18d6	{"pid": "103", "type": "bf:Concept", "idref": {"$ref": "https://mef.rero.ch/api/concepts/idref/172690250"}, "$schema": "https://mef.rero.ch/schemas/concepts_mef/mef-concept-v0.0.1.json"}	1
2023-05-02 17:00:47.01546	2023-05-02 17:00:47.015464	e09e2a32-97f6-45e3-9ce3-7fd8fb81702d	{"pid": "104", "type": "bf:Concept", "idref": {"$ref": "https://mef.rero.ch/api/concepts/idref/174131887"}, "$schema": "https://mef.rero.ch/schemas/concepts_mef/mef-concept-v0.0.1.json"}	1
2023-05-02 17:00:47.09719	2023-05-02 17:00:47.097202	34406a8a-8e2b-4f5f-a98c-d6bbc1b89ba9	{"pid": "105", "type": "bf:Concept", "idref": {"$ref": "https://mef.rero.ch/api/concepts/idref/18456381X"}, "$schema": "https://mef.rero.ch/schemas/concepts_mef/mef-concept-v0.0.1.json"}	1
2023-05-02 17:00:47.197359	2023-05-02 17:00:47.197365	aa1ab4fd-5041-454f-bf6f-cd918e6cfaaa	{"pid": "106", "type": "bf:Concept", "idref": {"$ref": "https://mef.rero.ch/api/concepts/idref/245367888"}, "$schema": "https://mef.rero.ch/schemas/concepts_mef/mef-concept-v0.0.1.json"}	1
2023-05-02 17:00:47.297268	2023-05-02 17:00:47.297272	093df51f-ebbe-4636-a2b2-da72ee076c20	{"pid": "107", "type": "bf:Concept", "idref": {"$ref": "https://mef.rero.ch/api/concepts/idref/252252063"}, "$schema": "https://mef.rero.ch/schemas/concepts_mef/mef-concept-v0.0.1.json"}	1
2023-05-02 17:00:47.362067	2023-05-02 17:00:47.362078	342ed0c8-573d-4eb3-97ff-066f949b738e	{"pid": "108", "type": "bf:Concept", "idref": {"$ref": "https://mef.rero.ch/api/concepts/idref/25410875X"}, "$schema": "https://mef.rero.ch/schemas/concepts_mef/mef-concept-v0.0.1.json"}	1
2023-05-02 17:00:47.44144	2023-05-02 17:00:47.441451	039dd6d3-ca25-4d47-96e9-2e79a7ebcb5f	{"pid": "109", "type": "bf:Concept", "idref": {"$ref": "https://mef.rero.ch/api/concepts/idref/255690444"}, "$schema": "https://mef.rero.ch/schemas/concepts_mef/mef-concept-v0.0.1.json"}	1
2023-05-02 17:00:47.515904	2023-05-02 17:00:47.515911	b592ef0f-9d49-45f9-b173-dec2aba6fe38	{"pid": "110", "type": "bf:Concept", "idref": {"$ref": "https://mef.rero.ch/api/concepts/idref/256524203"}, "$schema": "https://mef.rero.ch/schemas/concepts_mef/mef-concept-v0.0.1.json"}	1
2023-05-02 17:00:47.59703	2023-05-02 17:00:47.597035	a4815c9e-13dd-4751-a06f-0d05efcd7311	{"pid": "111", "type": "bf:Concept", "idref": {"$ref": "https://mef.rero.ch/api/concepts/idref/258617527"}, "$schema": "https://mef.rero.ch/schemas/concepts_mef/mef-concept-v0.0.1.json"}	1
2023-05-02 17:00:47.675876	2023-05-02 17:00:47.675887	1db64de7-733e-4c3a-a8b5-5d95ca104c17	{"pid": "112", "type": "bf:Concept", "idref": {"$ref": "https://mef.rero.ch/api/concepts/idref/25906288X"}, "$schema": "https://mef.rero.ch/schemas/concepts_mef/mef-concept-v0.0.1.json"}	1
2023-05-02 17:00:47.766578	2023-05-02 17:00:47.76659	5b95a879-d2fc-483a-ad7a-bbed5a911dfa	{"pid": "113", "type": "bf:Concept", "idref": {"$ref": "https://mef.rero.ch/api/concepts/idref/259596337"}, "$schema": "https://mef.rero.ch/schemas/concepts_mef/mef-concept-v0.0.1.json"}	1
2023-05-02 17:00:47.845964	2023-05-02 17:00:47.845976	a00b35fd-d939-41aa-a9bf-c082fc619f8e	{"pid": "114", "type": "bf:Concept", "idref": {"$ref": "https://mef.rero.ch/api/concepts/idref/259599174"}, "$schema": "https://mef.rero.ch/schemas/concepts_mef/mef-concept-v0.0.1.json"}	1
2023-05-02 17:00:47.909911	2023-05-02 17:00:47.909915	603024ae-5998-4bfe-b282-636dd005c66a	{"pid": "115", "type": "bf:Concept", "idref": {"$ref": "https://mef.rero.ch/api/concepts/idref/259943401"}, "$schema": "https://mef.rero.ch/schemas/concepts_mef/mef-concept-v0.0.1.json"}	1
2023-05-02 17:00:47.95974	2023-05-02 17:00:47.959743	3e228632-0f88-405d-acbe-44971f1bcea3	{"pid": "116", "type": "bf:Concept", "idref": {"$ref": "https://mef.rero.ch/api/concepts/idref/259951293"}, "$schema": "https://mef.rero.ch/schemas/concepts_mef/mef-concept-v0.0.1.json"}	1
2023-05-02 17:00:48.010032	2023-05-02 17:00:48.010035	e3844e66-926b-4e1a-8131-c8df595bbc55	{"pid": "117", "type": "bf:Concept", "idref": {"$ref": "https://mef.rero.ch/api/concepts/idref/259974811"}, "$schema": "https://mef.rero.ch/schemas/concepts_mef/mef-concept-v0.0.1.json"}	1
2023-05-02 17:00:48.066548	2023-05-02 17:00:48.066556	a6bc36c7-9a6e-4d50-abf9-9c8c99285024	{"pid": "118", "type": "bf:Concept", "idref": {"$ref": "https://mef.rero.ch/api/concepts/idref/259995118"}, "$schema": "https://mef.rero.ch/schemas/concepts_mef/mef-concept-v0.0.1.json"}	1
2023-05-02 17:00:48.139427	2023-05-02 17:00:48.139438	fd75edfc-a0c0-4276-ba4f-205f08d97f78	{"pid": "119", "type": "bf:Concept", "idref": {"$ref": "https://mef.rero.ch/api/concepts/idref/261107909"}, "$schema": "https://mef.rero.ch/schemas/concepts_mef/mef-concept-v0.0.1.json"}	1
2023-05-02 17:00:48.219052	2023-05-02 17:00:48.219066	2d5879ef-19ca-4375-a95f-e68690cfab0d	{"pid": "120", "type": "bf:Concept", "idref": {"$ref": "https://mef.rero.ch/api/concepts/idref/261196715"}, "$schema": "https://mef.rero.ch/schemas/concepts_mef/mef-concept-v0.0.1.json"}	1
2023-05-02 17:00:48.297791	2023-05-02 17:00:48.297802	8d2babaa-ef30-4a83-b982-599204263cee	{"pid": "121", "type": "bf:Concept", "idref": {"$ref": "https://mef.rero.ch/api/concepts/idref/261901532"}, "$schema": "https://mef.rero.ch/schemas/concepts_mef/mef-concept-v0.0.1.json"}	1
2023-05-02 17:00:48.379316	2023-05-02 17:00:48.37933	72a07b36-cfc6-4a83-9f04-661809ab4550	{"pid": "122", "type": "bf:Concept", "idref": {"$ref": "https://mef.rero.ch/api/concepts/idref/262111012"}, "$schema": "https://mef.rero.ch/schemas/concepts_mef/mef-concept-v0.0.1.json"}	1
2023-05-02 17:00:48.461941	2023-05-02 17:00:48.461951	38639fbc-92fd-4c76-9beb-224545baa449	{"pid": "123", "type": "bf:Concept", "idref": {"$ref": "https://mef.rero.ch/api/concepts/idref/262111020"}, "$schema": "https://mef.rero.ch/schemas/concepts_mef/mef-concept-v0.0.1.json"}	1
2023-05-02 17:00:48.535845	2023-05-02 17:00:48.535857	576e2d05-34d8-4553-9f57-9a230b11c67b	{"pid": "124", "type": "bf:Concept", "idref": {"$ref": "https://mef.rero.ch/api/concepts/idref/262111039"}, "$schema": "https://mef.rero.ch/schemas/concepts_mef/mef-concept-v0.0.1.json"}	1
2023-05-02 17:00:48.613662	2023-05-02 17:00:48.613673	dd7c406c-c727-4739-8114-5c2d2ddaa327	{"pid": "125", "type": "bf:Concept", "idref": {"$ref": "https://mef.rero.ch/api/concepts/idref/262111071"}, "$schema": "https://mef.rero.ch/schemas/concepts_mef/mef-concept-v0.0.1.json"}	1
2023-05-02 17:00:48.686711	2023-05-02 17:00:48.686722	2fc2b65f-50a8-44a3-a6e1-f14ce649862c	{"pid": "126", "type": "bf:Concept", "idref": {"$ref": "https://mef.rero.ch/api/concepts/idref/26211108X"}, "$schema": "https://mef.rero.ch/schemas/concepts_mef/mef-concept-v0.0.1.json"}	1
2023-05-02 17:00:48.77645	2023-05-02 17:00:48.776458	45dbb011-ade4-4917-9d32-e0d3c6b13436	{"pid": "127", "type": "bf:Concept", "idref": {"$ref": "https://mef.rero.ch/api/concepts/idref/262111098"}, "$schema": "https://mef.rero.ch/schemas/concepts_mef/mef-concept-v0.0.1.json"}	1
2023-05-02 17:00:48.852764	2023-05-02 17:00:48.852777	a20b5fd0-694a-4e56-9870-c89acd984d9b	{"pid": "128", "type": "bf:Concept", "idref": {"$ref": "https://mef.rero.ch/api/concepts/idref/262125927"}, "$schema": "https://mef.rero.ch/schemas/concepts_mef/mef-concept-v0.0.1.json"}	1
2023-05-02 17:00:48.925936	2023-05-02 17:00:48.925939	47464857-6623-454f-ac14-27d1b48628ce	{"pid": "129", "type": "bf:Concept", "idref": {"$ref": "https://mef.rero.ch/api/concepts/idref/262413817"}, "$schema": "https://mef.rero.ch/schemas/concepts_mef/mef-concept-v0.0.1.json"}	1
2023-05-02 17:00:48.979291	2023-05-02 17:00:48.979294	2cebd299-0163-4853-9151-b7ced2858722	{"pid": "130", "type": "bf:Concept", "idref": {"$ref": "https://mef.rero.ch/api/concepts/idref/262414023"}, "$schema": "https://mef.rero.ch/schemas/concepts_mef/mef-concept-v0.0.1.json"}	1
2023-05-02 17:00:49.034044	2023-05-02 17:00:49.034049	478866b6-2b77-42a9-bc50-3d92b27befbb	{"pid": "131", "type": "bf:Concept", "idref": {"$ref": "https://mef.rero.ch/api/concepts/idref/262414082"}, "$schema": "https://mef.rero.ch/schemas/concepts_mef/mef-concept-v0.0.1.json"}	1
2023-05-02 17:00:49.106026	2023-05-02 17:00:49.106034	255ca33c-6d2a-470e-8efb-89c199b4d97f	{"pid": "132", "type": "bf:Concept", "idref": {"$ref": "https://mef.rero.ch/api/concepts/idref/262414112"}, "$schema": "https://mef.rero.ch/schemas/concepts_mef/mef-concept-v0.0.1.json"}	1
2023-05-02 17:00:49.186075	2023-05-02 17:00:49.186082	cda7f344-2fc3-4441-b38a-90672e3e0218	{"pid": "133", "type": "bf:Concept", "idref": {"$ref": "https://mef.rero.ch/api/concepts/idref/262668858"}, "$schema": "https://mef.rero.ch/schemas/concepts_mef/mef-concept-v0.0.1.json"}	1
2023-05-02 17:00:49.266976	2023-05-02 17:00:49.266988	1544152c-275d-49f7-b843-dca0bf390dec	{"pid": "134", "type": "bf:Concept", "idref": {"$ref": "https://mef.rero.ch/api/concepts/idref/262669161"}, "$schema": "https://mef.rero.ch/schemas/concepts_mef/mef-concept-v0.0.1.json"}	1
2023-05-02 17:00:49.342827	2023-05-02 17:00:49.342838	4fcd1f6d-a7c9-4aee-89ec-7958dcec31ce	{"pid": "135", "type": "bf:Concept", "idref": {"$ref": "https://mef.rero.ch/api/concepts/idref/262669188"}, "$schema": "https://mef.rero.ch/schemas/concepts_mef/mef-concept-v0.0.1.json"}	1
2023-05-02 17:00:49.422739	2023-05-02 17:00:49.42275	a1618c12-8902-47fb-b1bc-61057658ba42	{"pid": "136", "type": "bf:Concept", "idref": {"$ref": "https://mef.rero.ch/api/concepts/idref/26266920X"}, "$schema": "https://mef.rero.ch/schemas/concepts_mef/mef-concept-v0.0.1.json"}	1
2023-05-02 17:00:49.501107	2023-05-02 17:00:49.501118	776ddd1c-6423-4ec2-9e47-a74dbee700b9	{"pid": "137", "type": "bf:Concept", "idref": {"$ref": "https://mef.rero.ch/api/concepts/idref/262669234"}, "$schema": "https://mef.rero.ch/schemas/concepts_mef/mef-concept-v0.0.1.json"}	1
2023-05-02 17:00:49.579512	2023-05-02 17:00:49.579519	7e4045ae-ca26-43d8-83a4-3a4d122d5bb8	{"pid": "138", "type": "bf:Concept", "idref": {"$ref": "https://mef.rero.ch/api/concepts/idref/262669242"}, "$schema": "https://mef.rero.ch/schemas/concepts_mef/mef-concept-v0.0.1.json"}	1
2023-05-02 17:00:49.655272	2023-05-02 17:00:49.65528	eb8350d2-c44f-4141-828d-f76db3e1afd8	{"pid": "139", "type": "bf:Concept", "idref": {"$ref": "https://mef.rero.ch/api/concepts/idref/262669250"}, "$schema": "https://mef.rero.ch/schemas/concepts_mef/mef-concept-v0.0.1.json"}	1
2023-05-02 17:00:49.733167	2023-05-02 17:00:49.73318	0857e492-1c80-4a47-bb7a-9a5ce4c7cb53	{"pid": "140", "type": "bf:Concept", "idref": {"$ref": "https://mef.rero.ch/api/concepts/idref/262805111"}, "$schema": "https://mef.rero.ch/schemas/concepts_mef/mef-concept-v0.0.1.json"}	1
2023-05-02 17:00:49.824561	2023-05-02 17:00:49.824565	81059823-7bd6-425f-8ffd-29ea0ee10317	{"pid": "141", "type": "bf:Concept", "idref": {"$ref": "https://mef.rero.ch/api/concepts/idref/262915219"}, "$schema": "https://mef.rero.ch/schemas/concepts_mef/mef-concept-v0.0.1.json"}	1
2023-05-02 17:00:49.901263	2023-05-02 17:00:49.901275	5da7796e-b7e1-4bf9-9e52-0886aa557115	{"pid": "142", "type": "bf:Concept", "idref": {"$ref": "https://mef.rero.ch/api/concepts/idref/262928264"}, "$schema": "https://mef.rero.ch/schemas/concepts_mef/mef-concept-v0.0.1.json"}	1
2023-05-02 17:00:49.969665	2023-05-02 17:00:49.969668	91cfd29c-dd74-4b4f-9709-1af85102829e	{"pid": "143", "type": "bf:Concept", "idref": {"$ref": "https://mef.rero.ch/api/concepts/idref/26292837X"}, "$schema": "https://mef.rero.ch/schemas/concepts_mef/mef-concept-v0.0.1.json"}	1
2023-05-02 17:00:50.022933	2023-05-02 17:00:50.022936	c4420fb1-6887-44f1-8883-2e44b8c80c09	{"pid": "144", "type": "bf:Concept", "idref": {"$ref": "https://mef.rero.ch/api/concepts/idref/262928507"}, "$schema": "https://mef.rero.ch/schemas/concepts_mef/mef-concept-v0.0.1.json"}	1
2023-05-02 17:00:50.073816	2023-05-02 17:00:50.073819	1876f277-eb35-4b08-b7dd-d4f49aee381f	{"pid": "145", "type": "bf:Concept", "idref": {"$ref": "https://mef.rero.ch/api/concepts/idref/262928701"}, "$schema": "https://mef.rero.ch/schemas/concepts_mef/mef-concept-v0.0.1.json"}	1
2023-05-02 17:00:50.127836	2023-05-02 17:00:50.12784	9841d0fe-346c-4b93-b076-8017d87b1194	{"pid": "146", "type": "bf:Concept", "idref": {"$ref": "https://mef.rero.ch/api/concepts/idref/26307837X"}, "$schema": "https://mef.rero.ch/schemas/concepts_mef/mef-concept-v0.0.1.json"}	1
2023-05-02 17:00:50.191467	2023-05-02 17:00:50.191478	4153aed8-9d17-472a-adeb-7b0685615672	{"pid": "147", "type": "bf:Concept", "idref": {"$ref": "https://mef.rero.ch/api/concepts/idref/263492680"}, "$schema": "https://mef.rero.ch/schemas/concepts_mef/mef-concept-v0.0.1.json"}	1
2023-05-02 17:00:50.272793	2023-05-02 17:00:50.272806	87bb5d9f-119d-4278-ace4-ee6913610feb	{"pid": "148", "type": "bf:Concept", "idref": {"$ref": "https://mef.rero.ch/api/concepts/idref/263499944"}, "$schema": "https://mef.rero.ch/schemas/concepts_mef/mef-concept-v0.0.1.json"}	1
2023-05-02 17:00:50.355982	2023-05-02 17:00:50.355994	456f49ec-755c-46ff-a51c-758ff3014c3b	{"pid": "149", "type": "bf:Concept", "idref": {"$ref": "https://mef.rero.ch/api/concepts/idref/263499979"}, "$schema": "https://mef.rero.ch/schemas/concepts_mef/mef-concept-v0.0.1.json"}	1
2023-05-02 17:00:50.432613	2023-05-02 17:00:50.432623	ebd22e1a-a936-4e28-af59-2701c2a0417e	{"pid": "150", "type": "bf:Concept", "idref": {"$ref": "https://mef.rero.ch/api/concepts/idref/263500047"}, "$schema": "https://mef.rero.ch/schemas/concepts_mef/mef-concept-v0.0.1.json"}	1
2023-05-02 17:00:50.5184	2023-05-02 17:00:50.518411	42f3addb-9175-4f73-991b-4ca1475fd164	{"pid": "151", "type": "bf:Concept", "idref": {"$ref": "https://mef.rero.ch/api/concepts/idref/263500071"}, "$schema": "https://mef.rero.ch/schemas/concepts_mef/mef-concept-v0.0.1.json"}	1
2023-05-02 17:00:50.605261	2023-05-02 17:00:50.605272	01147fcc-0555-4836-90fc-7c8f97d748c4	{"pid": "152", "type": "bf:Concept", "idref": {"$ref": "https://mef.rero.ch/api/concepts/idref/263500187"}, "$schema": "https://mef.rero.ch/schemas/concepts_mef/mef-concept-v0.0.1.json"}	1
2023-05-02 17:00:50.684215	2023-05-02 17:00:50.684222	ebf6818c-1212-456d-913d-11dfc877e92b	{"pid": "153", "type": "bf:Concept", "idref": {"$ref": "https://mef.rero.ch/api/concepts/idref/263610918"}, "$schema": "https://mef.rero.ch/schemas/concepts_mef/mef-concept-v0.0.1.json"}	1
2023-05-02 17:00:50.766338	2023-05-02 17:00:50.766345	b316c7d3-aa49-4708-b57d-366f43408f72	{"pid": "154", "type": "bf:Concept", "idref": {"$ref": "https://mef.rero.ch/api/concepts/idref/263714233"}, "$schema": "https://mef.rero.ch/schemas/concepts_mef/mef-concept-v0.0.1.json"}	1
2023-05-02 17:00:50.844787	2023-05-02 17:00:50.844798	4cd29ab8-df7a-44bf-ab4e-bff4b4aa6442	{"pid": "155", "type": "bf:Concept", "idref": {"$ref": "https://mef.rero.ch/api/concepts/idref/263714241"}, "$schema": "https://mef.rero.ch/schemas/concepts_mef/mef-concept-v0.0.1.json"}	1
2023-05-02 17:00:50.920864	2023-05-02 17:00:50.920875	8dd14ec2-2680-40d6-84b0-1b0f65b2196e	{"pid": "156", "type": "bf:Concept", "idref": {"$ref": "https://mef.rero.ch/api/concepts/idref/26371425X"}, "$schema": "https://mef.rero.ch/schemas/concepts_mef/mef-concept-v0.0.1.json"}	1
2023-05-02 17:00:51.000739	2023-05-02 17:00:51.000743	0c1fe103-2dd7-4902-b9db-42581978cee0	{"pid": "157", "type": "bf:Concept", "idref": {"$ref": "https://mef.rero.ch/api/concepts/idref/263714268"}, "$schema": "https://mef.rero.ch/schemas/concepts_mef/mef-concept-v0.0.1.json"}	1
2023-05-02 17:00:51.056444	2023-05-02 17:00:51.056447	ad1c4e7a-937b-433d-baab-c391da5d5b4f	{"pid": "158", "type": "bf:Concept", "idref": {"$ref": "https://mef.rero.ch/api/concepts/idref/263714276"}, "$schema": "https://mef.rero.ch/schemas/concepts_mef/mef-concept-v0.0.1.json"}	1
2023-05-02 17:00:51.112094	2023-05-02 17:00:51.112097	4249155b-9dac-4a73-8ca7-844cf10b3850	{"pid": "159", "type": "bf:Concept", "idref": {"$ref": "https://mef.rero.ch/api/concepts/idref/263714284"}, "$schema": "https://mef.rero.ch/schemas/concepts_mef/mef-concept-v0.0.1.json"}	1
2023-05-02 17:00:51.16892	2023-05-02 17:00:51.168929	5cca1142-3dfd-4ef3-b354-6b7224278faf	{"pid": "160", "type": "bf:Concept", "idref": {"$ref": "https://mef.rero.ch/api/concepts/idref/263714292"}, "$schema": "https://mef.rero.ch/schemas/concepts_mef/mef-concept-v0.0.1.json"}	1
2023-05-02 17:00:51.248034	2023-05-02 17:00:51.248045	c89b281f-5607-4af7-9dab-ca93bcf55a01	{"pid": "161", "type": "bf:Concept", "idref": {"$ref": "https://mef.rero.ch/api/concepts/idref/263714306"}, "$schema": "https://mef.rero.ch/schemas/concepts_mef/mef-concept-v0.0.1.json"}	1
2023-05-02 17:00:51.331079	2023-05-02 17:00:51.33109	9a1fa5a0-3250-4be5-ad38-ecf79b64d036	{"pid": "162", "type": "bf:Concept", "idref": {"$ref": "https://mef.rero.ch/api/concepts/idref/263714314"}, "$schema": "https://mef.rero.ch/schemas/concepts_mef/mef-concept-v0.0.1.json"}	1
2023-05-02 17:00:51.42857	2023-05-02 17:00:51.428581	6eab46c7-1004-43ca-b9a9-2a3bef24d49b	{"pid": "163", "type": "bf:Concept", "idref": {"$ref": "https://mef.rero.ch/api/concepts/idref/263714322"}, "$schema": "https://mef.rero.ch/schemas/concepts_mef/mef-concept-v0.0.1.json"}	1
2023-05-02 17:03:34.21222	2023-05-02 17:03:34.212224	7a4f45ec-4015-4457-a48f-abf4b1b63e9d	{"pid": "164", "type": "bf:Concept", "idref": {"$ref": "https://mef.rero.ch/api/concepts/idref/263714330"}, "$schema": "https://mef.rero.ch/schemas/concepts_mef/mef-concept-v0.0.1.json"}	1
2023-05-02 17:03:34.280865	2023-05-02 17:03:34.280871	6584c023-67aa-42b8-a716-bb57ece8b863	{"pid": "165", "type": "bf:Concept", "idref": {"$ref": "https://mef.rero.ch/api/concepts/idref/263714349"}, "$schema": "https://mef.rero.ch/schemas/concepts_mef/mef-concept-v0.0.1.json"}	1
2023-05-02 17:03:34.346762	2023-05-02 17:03:34.346767	52ae674c-85ac-4b79-b664-0af213ea8e45	{"pid": "166", "type": "bf:Concept", "idref": {"$ref": "https://mef.rero.ch/api/concepts/idref/263714357"}, "$schema": "https://mef.rero.ch/schemas/concepts_mef/mef-concept-v0.0.1.json"}	1
2023-05-02 17:03:34.401997	2023-05-02 17:03:34.402001	4ee49b6f-cd37-442e-8ddc-72a03029d41b	{"pid": "167", "type": "bf:Concept", "idref": {"$ref": "https://mef.rero.ch/api/concepts/idref/263714365"}, "$schema": "https://mef.rero.ch/schemas/concepts_mef/mef-concept-v0.0.1.json"}	1
2023-05-02 17:03:34.468787	2023-05-02 17:03:34.46879	e4d01d18-8b62-4a06-a190-df23e733abfe	{"pid": "168", "type": "bf:Concept", "idref": {"$ref": "https://mef.rero.ch/api/concepts/idref/263714373"}, "$schema": "https://mef.rero.ch/schemas/concepts_mef/mef-concept-v0.0.1.json"}	1
2023-05-02 17:03:34.553068	2023-05-02 17:03:34.553073	92ef287b-d9cb-4e93-8b2a-c21532cb97a9	{"pid": "169", "type": "bf:Concept", "idref": {"$ref": "https://mef.rero.ch/api/concepts/idref/26371439X"}, "$schema": "https://mef.rero.ch/schemas/concepts_mef/mef-concept-v0.0.1.json"}	1
2023-05-02 17:03:34.632585	2023-05-02 17:03:34.632593	94d49278-1606-4048-b9fe-1f8f38632503	{"pid": "170", "type": "bf:Concept", "idref": {"$ref": "https://mef.rero.ch/api/concepts/idref/263714403"}, "$schema": "https://mef.rero.ch/schemas/concepts_mef/mef-concept-v0.0.1.json"}	1
2023-05-02 17:03:34.722345	2023-05-02 17:03:34.722349	6cf8aa1c-a6a4-4024-90c5-4d6bc4c42cb0	{"pid": "171", "type": "bf:Concept", "idref": {"$ref": "https://mef.rero.ch/api/concepts/idref/263714411"}, "$schema": "https://mef.rero.ch/schemas/concepts_mef/mef-concept-v0.0.1.json"}	1
2023-05-02 17:03:34.79865	2023-05-02 17:03:34.798661	f2bde942-8073-427a-836a-b37b5ee55d29	{"pid": "172", "type": "bf:Concept", "idref": {"$ref": "https://mef.rero.ch/api/concepts/idref/26371442X"}, "$schema": "https://mef.rero.ch/schemas/concepts_mef/mef-concept-v0.0.1.json"}	1
2023-05-02 17:03:34.87911	2023-05-02 17:03:34.879122	684beaeb-d750-4459-8569-802180a44519	{"pid": "173", "type": "bf:Concept", "idref": {"$ref": "https://mef.rero.ch/api/concepts/idref/263714438"}, "$schema": "https://mef.rero.ch/schemas/concepts_mef/mef-concept-v0.0.1.json"}	1
2023-05-02 17:03:34.958414	2023-05-02 17:03:34.958418	f243b0d2-11f6-4f14-81db-0fda8e7e432e	{"pid": "174", "type": "bf:Concept", "idref": {"$ref": "https://mef.rero.ch/api/concepts/idref/263714446"}, "$schema": "https://mef.rero.ch/schemas/concepts_mef/mef-concept-v0.0.1.json"}	1
2023-05-02 17:03:35.028806	2023-05-02 17:03:35.028814	2a4c32ac-1de1-486f-ac95-9a1050fe9b94	{"pid": "175", "type": "bf:Concept", "idref": {"$ref": "https://mef.rero.ch/api/concepts/idref/263714454"}, "$schema": "https://mef.rero.ch/schemas/concepts_mef/mef-concept-v0.0.1.json"}	1
2023-05-02 17:03:35.11705	2023-05-02 17:03:35.117063	7cbb5a15-d9b7-4566-8790-28937db8043f	{"pid": "176", "type": "bf:Concept", "idref": {"$ref": "https://mef.rero.ch/api/concepts/idref/263714462"}, "$schema": "https://mef.rero.ch/schemas/concepts_mef/mef-concept-v0.0.1.json"}	1
2023-05-02 17:03:35.205236	2023-05-02 17:03:35.205247	e0889c48-9425-4e5a-bf26-2f13d42a3a80	{"pid": "177", "type": "bf:Concept", "idref": {"$ref": "https://mef.rero.ch/api/concepts/idref/263714470"}, "$schema": "https://mef.rero.ch/schemas/concepts_mef/mef-concept-v0.0.1.json"}	1
2023-05-02 17:03:35.288766	2023-05-02 17:03:35.288778	3414dcc7-885e-43bb-9704-e0fa83714149	{"pid": "178", "type": "bf:Concept", "idref": {"$ref": "https://mef.rero.ch/api/concepts/idref/263714489"}, "$schema": "https://mef.rero.ch/schemas/concepts_mef/mef-concept-v0.0.1.json"}	1
2023-05-02 17:03:35.370297	2023-05-02 17:03:35.370301	e439fc9f-c679-47e9-beab-4de8b6be5227	{"pid": "179", "type": "bf:Concept", "idref": {"$ref": "https://mef.rero.ch/api/concepts/idref/263714500"}, "$schema": "https://mef.rero.ch/schemas/concepts_mef/mef-concept-v0.0.1.json"}	1
2023-05-02 17:03:35.430162	2023-05-02 17:03:35.430166	85a85fcb-37f2-4071-b450-f76a0ddaef18	{"pid": "180", "type": "bf:Concept", "idref": {"$ref": "https://mef.rero.ch/api/concepts/idref/263714519"}, "$schema": "https://mef.rero.ch/schemas/concepts_mef/mef-concept-v0.0.1.json"}	1
2023-05-02 17:03:35.488776	2023-05-02 17:03:35.488783	d54c645e-ca80-4bfe-ba26-ac8507c23689	{"pid": "181", "type": "bf:Concept", "idref": {"$ref": "https://mef.rero.ch/api/concepts/idref/263714527"}, "$schema": "https://mef.rero.ch/schemas/concepts_mef/mef-concept-v0.0.1.json"}	1
2023-05-02 17:03:35.548546	2023-05-02 17:03:35.548551	2153d2fd-f731-424e-a7fb-9df3b3886999	{"pid": "182", "type": "bf:Concept", "idref": {"$ref": "https://mef.rero.ch/api/concepts/idref/263714535"}, "$schema": "https://mef.rero.ch/schemas/concepts_mef/mef-concept-v0.0.1.json"}	1
2023-05-02 17:03:35.627343	2023-05-02 17:03:35.627355	8c3d67c9-6342-4989-b344-c23779864a36	{"pid": "183", "type": "bf:Concept", "idref": {"$ref": "https://mef.rero.ch/api/concepts/idref/263714543"}, "$schema": "https://mef.rero.ch/schemas/concepts_mef/mef-concept-v0.0.1.json"}	1
2023-05-02 17:03:35.711107	2023-05-02 17:03:35.711118	f1d10850-0c2e-4fc8-aa57-cb58992d2828	{"pid": "184", "type": "bf:Concept", "idref": {"$ref": "https://mef.rero.ch/api/concepts/idref/263714551"}, "$schema": "https://mef.rero.ch/schemas/concepts_mef/mef-concept-v0.0.1.json"}	1
2023-05-02 17:03:35.794682	2023-05-02 17:03:35.794692	89f6b4f5-a01b-4280-a969-63a58ebbd4d8	{"pid": "185", "type": "bf:Concept", "idref": {"$ref": "https://mef.rero.ch/api/concepts/idref/26371456X"}, "$schema": "https://mef.rero.ch/schemas/concepts_mef/mef-concept-v0.0.1.json"}	1
2023-05-02 17:03:35.879606	2023-05-02 17:03:35.879619	93d3c8d0-3479-4bf1-9074-32d5704486be	{"pid": "186", "type": "bf:Concept", "idref": {"$ref": "https://mef.rero.ch/api/concepts/idref/263714578"}, "$schema": "https://mef.rero.ch/schemas/concepts_mef/mef-concept-v0.0.1.json"}	1
2023-05-02 17:03:35.960995	2023-05-02 17:03:35.961006	5720ce9e-b91a-40aa-98ee-164c061914e0	{"pid": "187", "type": "bf:Concept", "idref": {"$ref": "https://mef.rero.ch/api/concepts/idref/263714594"}, "$schema": "https://mef.rero.ch/schemas/concepts_mef/mef-concept-v0.0.1.json"}	1
2023-05-02 17:03:36.050783	2023-05-02 17:03:36.050792	e3ca2126-3ce5-4bde-ad53-e84bf0034a5a	{"pid": "188", "type": "bf:Concept", "idref": {"$ref": "https://mef.rero.ch/api/concepts/idref/263714608"}, "$schema": "https://mef.rero.ch/schemas/concepts_mef/mef-concept-v0.0.1.json"}	1
2023-05-02 17:03:36.130881	2023-05-02 17:03:36.130894	583a72ee-7d6a-4387-9a5f-882a3f7c1d0c	{"pid": "189", "type": "bf:Concept", "idref": {"$ref": "https://mef.rero.ch/api/concepts/idref/263714616"}, "$schema": "https://mef.rero.ch/schemas/concepts_mef/mef-concept-v0.0.1.json"}	1
2023-05-02 17:03:36.218222	2023-05-02 17:03:36.218229	d435e4e3-bd54-469f-8cc1-78450f37e695	{"pid": "190", "type": "bf:Concept", "idref": {"$ref": "https://mef.rero.ch/api/concepts/idref/263714624"}, "$schema": "https://mef.rero.ch/schemas/concepts_mef/mef-concept-v0.0.1.json"}	1
2023-05-02 17:03:36.298862	2023-05-02 17:03:36.298874	a6cd3538-b4fa-41a2-92af-005d033ef19d	{"pid": "191", "type": "bf:Concept", "idref": {"$ref": "https://mef.rero.ch/api/concepts/idref/263714632"}, "$schema": "https://mef.rero.ch/schemas/concepts_mef/mef-concept-v0.0.1.json"}	1
2023-05-02 17:03:36.38411	2023-05-02 17:03:36.384121	894deb38-da20-4356-b3b3-7f7f1a930f81	{"pid": "192", "type": "bf:Concept", "idref": {"$ref": "https://mef.rero.ch/api/concepts/idref/263714640"}, "$schema": "https://mef.rero.ch/schemas/concepts_mef/mef-concept-v0.0.1.json"}	1
2023-05-02 17:03:36.446982	2023-05-02 17:03:36.446986	3514d189-7dc6-4f0a-b9d8-f91e76986886	{"pid": "193", "type": "bf:Concept", "idref": {"$ref": "https://mef.rero.ch/api/concepts/idref/263714659"}, "$schema": "https://mef.rero.ch/schemas/concepts_mef/mef-concept-v0.0.1.json"}	1
2023-05-02 17:03:36.508078	2023-05-02 17:03:36.508081	86514396-9c09-4520-8153-dc5b69722998	{"pid": "194", "type": "bf:Concept", "idref": {"$ref": "https://mef.rero.ch/api/concepts/idref/263714667"}, "$schema": "https://mef.rero.ch/schemas/concepts_mef/mef-concept-v0.0.1.json"}	1
2023-05-02 17:03:36.591362	2023-05-02 17:03:36.591432	fee481fb-74e7-4162-8cee-881371560161	{"pid": "195", "type": "bf:Concept", "idref": {"$ref": "https://mef.rero.ch/api/concepts/idref/263714691"}, "$schema": "https://mef.rero.ch/schemas/concepts_mef/mef-concept-v0.0.1.json"}	1
2023-05-02 17:03:36.682699	2023-05-02 17:03:36.682706	842ef50c-5fc5-4dee-a5f2-cf0d3730eb47	{"pid": "196", "type": "bf:Concept", "idref": {"$ref": "https://mef.rero.ch/api/concepts/idref/263714705"}, "$schema": "https://mef.rero.ch/schemas/concepts_mef/mef-concept-v0.0.1.json"}	1
2023-05-02 17:03:36.758649	2023-05-02 17:03:36.75866	73bb586e-954c-4e2f-91c1-8fe15fc76542	{"pid": "197", "type": "bf:Concept", "idref": {"$ref": "https://mef.rero.ch/api/concepts/idref/263714713"}, "$schema": "https://mef.rero.ch/schemas/concepts_mef/mef-concept-v0.0.1.json"}	1
