2020-10-12 10:08:09.328959	2020-10-12 10:08:09.328965	4f74a585-2265-4284-a40a-b4bc682b8284	{"md5": "97d85a7160801c78b85f0ad145ee6be9", "pid": "100023754", "gender": "male", "$schema": "https://mef.rero.ch/schemas/gnd/gnd-contribution-v0.0.1.json", "bf:Agent": "bf:Person", "qualifier": "de Barbanson", "identifier": "http://d-nb.info/gnd/100023754", "variant_name": ["Konstantin, von Barbanson", "Barbanson, Konstantin von", "Constantine, of Barbanson", "Barbanson, Constantine", "Barbanson, Constantin de", "Constantinus, de Barbanson", "Barbanson, Constantinus de", "Constantinus, a Barbençon", "Constantin, de Barbançon", "Barbançon, Constantin de", "Constantin, de Barbençon", "Barbençon, Constantin de", "Paunet, Théodoric", "Paunet, Theodoricus", "Barbançon, Konstantyn"], "date_of_birth": "1582", "date_of_death": "26.11.1631", "preferred_name": "Constantin de Barbanson", "country_associated": "ne", "variant_access_point": ["Konstantin, von Barbanson, 1582-1631", "Barbanson, Konstantin von, 1582-1631", "Constantine, of Barbanson, 1582-1631", "Barbanson, Constantine, 1582-1631", "Barbanson, Constantin de, 1582-1631", "Constantinus, de Barbanson, 1582-1631", "Barbanson, Constantinus de, 1582-1631", "Constantinus, a Barbençon, 1582-1631", "Constantin, de Barbançon, 1582-1631", "Barbançon, Constantin de, 1582-1631", "Constantin, de Barbençon, 1582-1631", "Barbençon, Constantin de, 1582-1631", "Paunet, Théodoric, 1582-1631", "Paunet, Theodoricus, 1582-1631", "Barbançon, Konstantyn, 1582-1631"], "authorized_access_point": "Constantin, de Barbanson, 1582-1631", "biographical_information": ["Prediger in Köln; OFMCap; geb. in Barbançon (Hainaut, Belgien)"]}	1
2020-10-12 10:08:09.46105	2020-10-12 10:08:09.461056	7f8e3b8b-2bb2-40a2-9234-be7de22bcd41	{"md5": "67f3bc022f12466ec7a69bda7ed8c000", "pid": "1019749911", "gender": "male", "$schema": "https://mef.rero.ch/schemas/gnd/gnd-contribution-v0.0.1.json", "bf:Agent": "bf:Person", "identifier": "http://d-nb.info/gnd/1019749911", "variant_name": ["Bourbon, Charles de", "Charles, Soissons, Comte"], "date_of_birth": "03.11.1566", "date_of_death": "01.11.1612", "preferred_name": "Soissons, Charles de Bourbon de", "variant_access_point": ["Bourbon, Charles de, 1566-1612", "Charles, Soissons, Comte, 1566-1612"], "authorized_access_point": "Soissons, Charles de Bourbon de, 1566-1612", "biographical_information": ["Ältester Sohn von Louis de Bourbon, 1. prince de Condé  (1530-69) aus 2. Ehe mit Eléonore-Françoise  d'Orléans-Longueville (1549-1601); heiratete 1601 Anne  comtesse de Montafié (1577-1644);  Parteigänger zuerst der  Ligue u. König Heinrichs III., dann Heinrichs von Navarra  (der ihm jedoch die Heirat mit seiner Schwester Catherine  versagte); 1602 Gouverneur des Dauphiné, 1610 der Normandie."]}	1
2020-10-12 10:08:09.615969	2020-10-12 10:08:09.615975	ac81cb7a-0332-4af3-8780-c61defadcaed	{"md5": "876f6a89592f3ce910d82edd114732ec", "pid": "1020174943", "gender": "male", "$schema": "https://mef.rero.ch/schemas/gnd/gnd-contribution-v0.0.1.json", "bf:Agent": "bf:Person", "identifier": "http://d-nb.info/gnd/1020174943", "variant_name": ["Antin, Louis Antoine de Pardaillan de Gondrin d'", "Gondrin d'Antin, Louis Antoine de Pardaillan de", "Pardaillan de Gondrin, Louis Antoine de"], "date_of_birth": "05.09.1665", "date_of_death": "02.11.1736", "preferred_name": "Pardaillan de Gondrin d'Antin, Louis Antoine de", "country_associated": "fr", "variant_access_point": ["Antin, Louis Antoine de Pardaillan de Gondrin d', 1665-1736", "Gondrin d'Antin, Louis Antoine de Pardaillan de, 1665-1736", "Pardaillan de Gondrin, Louis Antoine de, 1665-1736"], "authorized_access_point": "Pardaillan de Gondrin d'Antin, Louis Antoine de, 1665-1736", "biographical_information": ["Sohn der Madame de Montespan mit  Louis-Henri de Montespan; 1701 kgl. Generalleutnant des  Elsaß; 1707 Gouverneur des Orléanais; Directeur des Bâtiments du Roi, 1708-1736"]}	1
2020-10-12 10:08:09.756779	2020-10-12 10:08:09.756785	fd00c928-a95e-4e31-a024-064635499ecc	{"md5": "f31fc44b2318d0ad02acc7f32a5ac9fc", "pid": "104189576", "$schema": "https://mef.rero.ch/schemas/gnd/gnd-contribution-v0.0.1.json", "bf:Agent": "bf:Person", "qualifier": "Spanien, Königin, 1662-1689", "identifier": "http://d-nb.info/gnd/104189576", "variant_name": ["Marie Luise, Espagne, reine", "Marie-Louise, Espagne, reine", "Marie Louise, d'Orléans", "Marie-Louise, d'Orléans", "María Luisa, de Orleáns", "María Luisa, de Orleans", "Maria Luisa, Spagna, Regina", "María Luisa, España, reina, 1662-1689"], "date_of_birth": "27.03.1662", "date_of_death": "12.02.1689", "preferred_name": "Maria Luisa Spanien, Königin, 1662-1689", "country_associated": "sp", "variant_access_point": ["Marie Luise, Espagne, reine, 1662-1689", "Marie-Louise, Espagne, reine, 1662-1689", "Marie Louise, d'Orléans, 1662-1689", "Marie-Louise, d'Orléans, 1662-1689", "María Luisa, de Orleáns, 1662-1689", "María Luisa, de Orleans, 1662-1689", "Maria Luisa, Spagna, Regina, 1662-1689", "María Luisa, España, reina, 1662-1689, 1662-1689"], "authorized_access_point": "Maria Luisa, Spanien, Königin, 1662-1689, 1662-1689"}	1
2020-10-12 10:08:09.886048	2020-10-12 10:08:09.886053	0620e6c5-cadd-41f8-987b-e9081e9b7bb1	{"md5": "79e50969e7f659769d8e7f7c922f3309", "pid": "1045857424", "$schema": "https://mef.rero.ch/schemas/gnd/gnd-contribution-v0.0.1.json", "bf:Agent": "bf:Person", "identifier": "http://d-nb.info/gnd/1045857424", "variant_name": ["Mérault De Bizy, Athanase René", "De Bizy, Athanase René Mérault", "DeBizy, Athanase René Mérault", "Bizy, Athanase René Mérault de"], "date_of_birth": "1744", "date_of_death": "1835", "preferred_name": "Mérault De Bizy, Athanase-René", "country_associated": "fr", "variant_access_point": ["Mérault De Bizy, Athanase René, 1744-1835", "De Bizy, Athanase René Mérault, 1744-1835", "DeBizy, Athanase René Mérault, 1744-1835", "Bizy, Athanase René Mérault de, 1744-1835"], "authorized_access_point": "Mérault De Bizy, Athanase-René, 1744-1835"}	1
2020-10-12 10:08:10.078972	2020-10-12 10:08:10.078979	adf0169b-70d4-4014-8dd2-cf687168a5b6	{"md5": "cc5b6e556728b5e7801e33bbafb9ad23", "pid": "1053083351", "$schema": "https://mef.rero.ch/schemas/gnd/gnd-contribution-v0.0.1.json", "bf:Agent": "bf:Person", "identifier": "http://d-nb.info/gnd/1053083351", "variant_name": ["Alfaro Lafuente, Manuel Ibo", "Alfaro y Lafuente, Manuel Ibo", "Alfaro, Manuel Ibo", "Ibo Alfaro y Lafuente, Manuel", "Ibo Alfaro, Manuel", "Ibo, Manuel"], "date_of_birth": "1828", "date_of_death": "1885", "preferred_name": "Ibo Alfaro Lafuente, Manuel", "country_associated": "sp", "variant_access_point": ["Alfaro Lafuente, Manuel Ibo, 1828-1885", "Alfaro y Lafuente, Manuel Ibo, 1828-1885", "Alfaro, Manuel Ibo, 1828-1885", "Ibo Alfaro y Lafuente, Manuel, 1828-1885", "Ibo Alfaro, Manuel, 1828-1885", "Ibo, Manuel, 1828-1885"], "authorized_access_point": "Ibo Alfaro Lafuente, Manuel, 1828-1885"}	1
2020-10-12 10:08:10.203031	2020-10-12 10:08:10.203037	82acf14b-a7f0-4b66-9c8c-fa7703d38f9d	{"md5": "5dcc2a35d57dd302ab480b5fcdbc5381", "pid": "1055101586", "$schema": "https://mef.rero.ch/schemas/gnd/gnd-contribution-v0.0.1.json", "bf:Agent": "bf:Person", "identifier": "http://d-nb.info/gnd/1055101586", "variant_name": ["Ormonde, ... of", "Ormonde, James Edward William Theobald Butler of"], "date_of_birth": "1844", "date_of_death": "1919", "preferred_name": "Butler, James Edward William Theobald", "country_associated": "xxk", "variant_access_point": ["Ormonde, ... of, 1844-1919", "Ormonde, James Edward William Theobald Butler of, 1844-1919"], "authorized_access_point": "Butler, James Edward William Theobald, 1844-1919"}	1
2020-10-12 10:08:10.328182	2020-10-12 10:08:10.328188	b5a76115-e781-49f3-88bc-d62283efa619	{"md5": "aacd4184aa47315350ac6e210af4856d", "pid": "1056901632", "$schema": "https://mef.rero.ch/schemas/gnd/gnd-contribution-v0.0.1.json", "bf:Agent": "bf:Person", "identifier": "http://d-nb.info/gnd/1056901632", "variant_name": ["Aranton D'Alex, Giovanni d'", "Alex, Jean d'Aranton d'", "Alex, Giovanni d'Aranton d'", "Arenthon, Jean d‘Alex", "Arenthon d'Alex, Jean d', Bischof von Genf", "Alex, Jean d'Arenthon d', Bischof von Genf", "Jean, Bischof von Genf"], "date_of_birth": "1620", "date_of_death": "1695", "preferred_name": "Aranthon D'Alex, Jean d'", "country_associated": "sz", "variant_access_point": ["Aranton D'Alex, Giovanni d', 1620-1695", "Alex, Jean d'Aranton d', 1620-1695", "Alex, Giovanni d'Aranton d', 1620-1695", "Arenthon, Jean d‘Alex, 1620-1695", "Arenthon d'Alex, Jean d', Bischof von Genf, 1620-1695", "Alex, Jean d'Arenthon d', Bischof von Genf, 1620-1695", "Jean, Bischof von Genf, 1620-1695"], "authorized_access_point": "Aranthon D'Alex, Jean d', 1620-1695", "biographical_information": ["Bischof von Genf"]}	1
2020-10-12 10:08:10.495154	2020-10-12 10:08:10.49516	ecbd2260-0253-4783-97ac-72b985f33f59	{"md5": "b0385764c1529aa4d1762ae4ef521b1c", "pid": "1060580543", "$schema": "https://mef.rero.ch/schemas/gnd/gnd-contribution-v0.0.1.json", "bf:Agent": "bf:Person", "identifier": "http://d-nb.info/gnd/1060580543", "date_of_birth": "1851", "date_of_death": "1925", "preferred_name": "Avesne, E. d'", "country_associated": "fr", "authorized_access_point": "Avesne, E. d', 1851-1925"}	1
2020-10-12 10:08:10.605855	2020-10-12 10:08:10.605861	141693da-d6a5-4634-b6c9-1c22ea889b86	{"md5": "d3a2923e7fe2f761ef3b510d12b68898", "pid": "1073132285", "gender": "male", "$schema": "https://mef.rero.ch/schemas/gnd/gnd-contribution-v0.0.1.json", "bf:Agent": "bf:Person", "identifier": "http://d-nb.info/gnd/1073132285", "date_of_birth": "08.10.1758", "date_of_death": "17.09.1832", "preferred_name": "Carelli, Francesco", "country_associated": "it", "authorized_access_point": "Carelli, Francesco, 1758-1832"}	1
2020-10-12 10:08:10.711595	2020-10-12 10:08:10.7116	095182cc-7fa2-46a6-8962-07ede14c8c4a	{"md5": "deea413c05bda81ca161f7726728f990", "pid": "1089786255", "$schema": "https://mef.rero.ch/schemas/gnd/gnd-contribution-v0.0.1.json", "bf:Agent": "bf:Person", "identifier": "http://d-nb.info/gnd/1089786255", "variant_name": ["Cailler, Rodolphe"], "date_of_birth": "1561", "date_of_death": "1620", "preferred_name": "Cailler, Raoul", "variant_access_point": ["Cailler, Rodolphe, 1561-1620"], "authorized_access_point": "Cailler, Raoul, 1561-1620", "biographical_information": ["Dichter, Advokat im Parlament von Paris; aus Poitiers"]}	1
2020-10-12 10:08:10.817677	2020-10-12 10:08:10.817683	241ccc49-449d-401e-871b-19a716d1bc0c	{"md5": "362c90d311d6694a92f78bce55bfe2e7", "pid": "1117819884", "gender": "male", "$schema": "https://mef.rero.ch/schemas/gnd/gnd-contribution-v0.0.1.json", "bf:Agent": "bf:Person", "qualifier": "da San Giuseppe", "identifier": "http://d-nb.info/gnd/1117819884", "variant_name": ["Ange, de Saint-Joseph", "Angelo, da Utri", "Angelus, a S. Ioseph", "Angelus, a S. Joseph", "Angelus, a Sancto Josepho", "Angelus, a S. Josepho", "Saint-Joseph, Ange de", "San Giuseppe, Angelo da", "Sancto-Josepho, Angelus a", "Angelo, da San Giuseppe Ligure", "San Giuseppe Ligure, Angelo da", "Utri, Angelo da"], "date_of_birth": "1600", "preferred_name": "Angelo da San Giuseppe", "country_associated": "it", "variant_access_point": ["Ange, de Saint-Joseph, 1600-", "Angelo, da Utri, 1600-", "Angelus, a S. Ioseph, 1600-", "Angelus, a S. Joseph, 1600-", "Angelus, a Sancto Josepho, 1600-", "Angelus, a S. Josepho, 1600-", "Saint-Joseph, Ange de, 1600-", "San Giuseppe, Angelo da, 1600-", "Sancto-Josepho, Angelus a, 1600-", "Angelo, da San Giuseppe Ligure, 1600-", "San Giuseppe Ligure, Angelo da, 1600-", "Utri, Angelo da, 1600-"], "authorized_access_point": "Angelo, da San Giuseppe, 1600-", "biographical_information": ["OCD 1617; Novizenmeister"]}	1
2020-10-12 10:08:10.930279	2020-10-12 10:08:10.930284	b8027dd9-e33c-4930-9a0e-038bbabf8cae	{"md5": "e3e17e2a5102b26d39af8d07649abb11", "pid": "11669355X", "gender": "male", "$schema": "https://mef.rero.ch/schemas/gnd/gnd-contribution-v0.0.1.json", "bf:Agent": "bf:Person", "identifier": "http://d-nb.info/gnd/11669355X", "variant_name": ["Franchi de Cavalieri, Pio", "Cavalieri, Pio Franchi de", "Franchi De'Cavalieri, Pio P.", "Franchi De'Cavalieri, Pietro", "Franchi-De'Cavalieri, Pio", "De'Cavalieri, Pio Franchi", "DeCavalieri, Pius Franchi", "De'Cavalieri, Pio F.", "Cavalieri, Franchi de", "Franchi de Cavalieri, Pius", "Franchi de Cavallieri, Pio", "Cavallieri, Pio Franchi de", "Cavalieri, Pio F. de'", "Cavalieri, Pio F.", "Franchi di Cavalieri, Pius", "Franchi de' Cavalieri, Pio", "Franchi de'Cavalieri, Pius", "Franchi de' Cavalieri, Pius", "Cavalieri, Pio Franchi de'", "Cavalieri, Pius Franchi de'", "Franchi De'Cavalieri, Pio Pietro"], "date_of_birth": "1869", "date_of_death": "1960", "preferred_name": "Franchi de'Cavalieri, Pio", "country_associated": "it", "variant_access_point": ["Franchi de Cavalieri, Pio, 1869-1960", "Cavalieri, Pio Franchi de, 1869-1960", "Franchi De'Cavalieri, Pio P., 1869-1960", "Franchi De'Cavalieri, Pietro, 1869-1960", "Franchi-De'Cavalieri, Pio, 1869-1960", "De'Cavalieri, Pio Franchi, 1869-1960", "DeCavalieri, Pius Franchi, 1869-1960", "De'Cavalieri, Pio F., 1869-1960", "Cavalieri, Franchi de, 1869-1960", "Franchi de Cavalieri, Pius, 1869-1960", "Franchi de Cavallieri, Pio, 1869-1960", "Cavallieri, Pio Franchi de, 1869-1960", "Cavalieri, Pio F. de', 1869-1960", "Cavalieri, Pio F., 1869-1960", "Franchi di Cavalieri, Pius, 1869-1960", "Franchi de' Cavalieri, Pio, 1869-1960", "Franchi de'Cavalieri, Pius, 1869-1960", "Franchi de' Cavalieri, Pius, 1869-1960", "Cavalieri, Pio Franchi de', 1869-1960", "Cavalieri, Pius Franchi de', 1869-1960", "Franchi De'Cavalieri, Pio Pietro, 1869-1960"], "authorized_access_point": "Franchi de'Cavalieri, Pio, 1869-1960", "biographical_information": ["Ital. Klass. Archäologe und Paläograph", "Studium der Philologie an der Universität Rom, 1921-1925 und 1927-1930 Präsident der    päpstlichen archäologischen Akademie in Rom, Kustos an der Vatikanischen    Bibliothek, 1929-1931 Leutnant des Souveränen Malteserordens., http://www.pacelli-edition.de/Biographie/427"]}	1
2020-10-12 10:08:11.068849	2020-10-12 10:08:11.068855	2fd4d903-e842-4d39-b722-b336da2e5f81	{"md5": "a611605c3996cc95b63293e020f40192", "pid": "117513601", "gender": "male", "$schema": "https://mef.rero.ch/schemas/gnd/gnd-contribution-v0.0.1.json", "bf:Agent": "bf:Person", "identifier": "http://d-nb.info/gnd/117513601", "variant_name": ["Fleuriau de Belleville, Louis Benjamin", "Fleuriau de Bellevue, Louis", "Belleville, Louis Fleuriau de", "Bellevue, Louis Benjamin Fleuriau de"], "date_of_birth": "1761", "date_of_death": "1852", "preferred_name": "Fleuriau de Bellevue, Louis Benjamin", "country_associated": "fr", "variant_access_point": ["Fleuriau de Belleville, Louis Benjamin, 1761-1852", "Fleuriau de Bellevue, Louis, 1761-1852", "Belleville, Louis Fleuriau de, 1761-1852", "Bellevue, Louis Benjamin Fleuriau de, 1761-1852"], "authorized_access_point": "Fleuriau de Bellevue, Louis Benjamin, 1761-1852", "biographical_information": ["Französ. Gelehrter, Naturwissenschaftler und Geologe"]}	1
2020-10-12 10:08:11.198377	2020-10-12 10:08:11.198384	51533389-7c8c-4e8a-928c-3c5f6edb6761	{"md5": "c4490b7c0025ff2c85a878459bfebb7f", "pid": "117588768", "gender": "male", "$schema": "https://mef.rero.ch/schemas/gnd/gnd-contribution-v0.0.1.json", "bf:Agent": "bf:Person", "identifier": "http://d-nb.info/gnd/117588768", "variant_name": ["Bernard, William Baile", "Bernard, William B.", "Bernard, William Bayle"], "date_of_birth": "1807", "date_of_death": "1875", "preferred_name": "Bernard, Bayle", "country_associated": "xxk", "variant_access_point": ["Bernard, William Baile, 1807-1875", "Bernard, William B., 1807-1875", "Bernard, William Bayle, 1807-1875"], "authorized_access_point": "Bernard, Bayle, 1807-1875"}	1
2020-10-12 10:08:11.349233	2020-10-12 10:08:11.349238	eb728c0f-e6b7-43b6-a51b-af19e839a2d6	{"md5": "1451bf6d8aa9e750ff0780a44e8c8527", "pid": "117671533", "gender": "male", "$schema": "https://mef.rero.ch/schemas/gnd/gnd-contribution-v0.0.1.json", "bf:Agent": "bf:Person", "identifier": "http://d-nb.info/gnd/117671533", "variant_name": ["Bagnano, Georgio Libri-", "Libri Bagnano, Georgio"], "date_of_birth": "1780", "date_of_death": "1835", "preferred_name": "Libri-Bagnano, Georgio", "country_associated": "gw", "variant_access_point": ["Bagnano, Georgio Libri-, 1780-1835", "Libri Bagnano, Georgio, 1780-1835"], "authorized_access_point": "Libri-Bagnano, Georgio, 1780-1835"}	1
2020-10-12 10:08:11.465981	2020-10-12 10:08:11.465987	4df5ff64-3ae6-4d7b-8a72-53c27c7d679b	{"md5": "36b20e443f8b5ba67f37ef7403cfbe83", "pid": "118095617", "$schema": "https://mef.rero.ch/schemas/gnd/gnd-contribution-v0.0.1.json", "bf:Agent": "bf:Person", "identifier": "http://d-nb.info/gnd/118095617", "variant_name": ["Ambly, Paul Boiteau d'", "Boiteau, Paul", "Boiteau D'Ambly, Dieudonné Alexandre Paul", "Ambly, Dieudonné Alexandre Paul Boiteau d'", "Boiteau, Dieudonné Alexandre Paul", "Boiteau, Dieudonné-Alexandre-Paul"], "date_of_birth": "25.11.1830", "date_of_death": "11.06.1886", "preferred_name": "Boiteau D'Ambly, Paul", "country_associated": "fr", "variant_access_point": ["Ambly, Paul Boiteau d', 1830-1886", "Boiteau, Paul, 1830-1886", "Boiteau D'Ambly, Dieudonné Alexandre Paul, 1830-1886", "Ambly, Dieudonné Alexandre Paul Boiteau d', 1830-1886", "Boiteau, Dieudonné Alexandre Paul, 1830-1886", "Boiteau, Dieudonné-Alexandre-Paul, 1830-1886"], "authorized_access_point": "Boiteau D'Ambly, Paul, 1830-1886"}	1
2020-10-12 10:08:11.632826	2020-10-12 10:08:11.632832	c9265c3b-c191-4a0d-9b5b-a077a2f373a8	{"md5": "5ffe68c95ad13b5819530199989358e2", "pid": "119120674", "gender": "female", "$schema": "https://mef.rero.ch/schemas/gnd/gnd-contribution-v0.0.1.json", "bf:Agent": "bf:Person", "qualifier": "Preußen, Königin", "identifier": "http://d-nb.info/gnd/119120674", "variant_name": ["Elisabeth Christine, Braunschweig-Bevern, Herzogin", "Elisabet Christine, Preußen, Königin", "Elisabeth Christina, Preußen, Königin", "Elisabeth Christine, Braunschweig-Wolfenbüttel-Bevern, Herzogin", "Elisabeth Christine, Braunschweig-Lüneburg-Bevern, Herzogin", "Elisabetha Christinae, Brunsvicum-Lunaeburgum, Ducissa", "Elisabeth Christine", "Elisabeth Christine, Braunschweig-Bevern, Prinzessin", "Elisabeth Christine, Braunschweig-Lüneburg, Herzogin", "Elisabeth Christine, Braunschweig-Lüneburg, Prinzessin", "Elisabetha Christiana, Preußen, Königin", "Elisabeth, Preußen, Königin"], "date_of_birth": "08.11.1715", "date_of_death": "13.01.1797", "preferred_name": "Elisabeth Christine Preußen, Königin", "country_associated": "gw", "variant_access_point": ["Elisabeth Christine, Braunschweig-Bevern, Herzogin, 1715-1797", "Elisabet Christine, Preußen, Königin, 1715-1797", "Elisabeth Christina, Preußen, Königin, 1715-1797", "Elisabeth Christine, Braunschweig-Wolfenbüttel-Bevern, Herzogin, 1715-1797", "Elisabeth Christine, Braunschweig-Lüneburg-Bevern, Herzogin, 1715-1797", "Elisabetha Christinae, Brunsvicum-Lunaeburgum, Ducissa, 1715-1797", "Elisabeth Christine, 1715-1797", "Elisabeth Christine, Braunschweig-Bevern, Prinzessin, 1715-1797", "Elisabeth Christine, Braunschweig-Lüneburg, Herzogin, 1715-1797", "Elisabeth Christine, Braunschweig-Lüneburg, Prinzessin, 1715-1797", "Elisabetha Christiana, Preußen, Königin, 1715-1797", "Elisabeth, Preußen, Königin, 1715-1797"], "authorized_access_point": "Elisabeth Christine, Preußen, Königin, 1715-1797"}	1
2020-10-12 10:08:11.745736	2020-10-12 10:08:11.745741	c0f53050-ffb5-4ee3-8fba-9e14808e999b	{"md5": "8ec613853440b4dc3537b159bc81398a", "pid": "119291088", "$schema": "https://mef.rero.ch/schemas/gnd/gnd-contribution-v0.0.1.json", "bf:Agent": "bf:Person", "language": ["lat"], "qualifier": "Mamertus", "identifier": "http://d-nb.info/gnd/119291088", "variant_name": ["Claudianus Ecdicius, Mamertus", "Claudianus, Viennensis", "Mamertus, Presbyter", "Mamertus, Viennensis", "Claudianus, Rhetor", "Claudianus, Philosoph", "Claudianus, von Vienne", "Mamertus, Claudius Ecdicius", "Ecdicius Mamertus, Claudianus", "Mamertus Claudianus, Presbyter", "Mamertus Claudianus, Viennensis", "Mamertus, Claudianus Ecdicius", "Claudianus Mamertus, Viennensis", "Claudianus Mamertus, Gallia, Presbyter", "Mam. Claud.", "Claudianus, Christian Writer", "Claudianus, Presbyter", "Mamerto, Claudiano", "Mamertinus, Claudius", "Mamertinus, ...", "Mamertus, Claudianus", "Claudianus Mamertus"], "date_of_death": "474", "preferred_name": "Claudianus Mamertus", "variant_access_point": ["Claudianus Ecdicius, Mamertus, -474", "Claudianus, Viennensis, -474", "Mamertus, Presbyter, -474", "Mamertus, Viennensis, -474", "Claudianus, Rhetor, -474", "Claudianus, Philosoph, -474", "Claudianus, von Vienne, -474", "Mamertus, Claudius Ecdicius, -474", "Ecdicius Mamertus, Claudianus, -474", "Mamertus Claudianus, Presbyter, -474", "Mamertus Claudianus, Viennensis, -474", "Mamertus, Claudianus Ecdicius, -474", "Claudianus Mamertus, Viennensis, -474", "Claudianus Mamertus, Gallia, Presbyter, -474", "Mam. Claud., -474", "Claudianus, Christian Writer, -474", "Claudianus, Presbyter, -474", "Mamerto, Claudiano, -474", "Mamertinus, Claudius, -474", "Mamertinus, ..., -474", "Mamertus, Claudianus, -474", "Claudianus Mamertus, -474"], "authorized_access_point": "Claudianus, Mamertus, -474", "biographical_information": ["Rhetor, Philosoph u. Priester in Vienne"]}	1
2020-10-12 10:08:11.907545	2020-10-12 10:08:11.907552	d4ca8661-a4c6-4b64-9c7d-501dc96af4e3	{"md5": "02728606dfedd5e44e290637a2f15c31", "pid": "122101359", "$schema": "https://mef.rero.ch/schemas/gnd/gnd-contribution-v0.0.1.json", "bf:Agent": "bf:Person", "identifier": "http://d-nb.info/gnd/122101359", "variant_name": ["Chapron, Nicolas", "Chapperon, Nicolas", "Chappron, Nicolas", "Chapron, Nicolaus"], "date_of_birth": "1612", "date_of_death": "1653", "preferred_name": "Chaperon, Nicolas", "country_associated": "fr", "variant_access_point": ["Chapron, Nicolas, 1612-1653", "Chapperon, Nicolas, 1612-1653", "Chappron, Nicolas, 1612-1653", "Chapron, Nicolaus, 1612-1653"], "authorized_access_point": "Chaperon, Nicolas, 1612-1653", "biographical_information": ["Franz. Maler, Stecher und Zeichner"]}	1
2020-10-12 10:08:12.031085	2020-10-12 10:08:12.031091	b4a76980-2470-4bbe-8ebc-e2c56b1e5bb2	{"md5": "56b1523e8b10cc5750ef98e9768a13e6", "pid": "12391664X", "$schema": "https://mef.rero.ch/schemas/gnd/gnd-contribution-v0.0.1.json", "bf:Agent": "bf:Person", "identifier": "http://d-nb.info/gnd/12391664X", "variant_name": ["Cavaleriis, Joannes Baptista de", "Cavalleris, Joannes Baptista de", "Cavaleriis, Joanes Baptista de", "Cavalleriis, Johannes Baptista de", "Cavalerius, Johannes Battista de", "Cavallerys, Johannes Baptista de", "Cavaleriis, Johannes Baptista de", "Cavalieri, Giovanni Battista de", "Cavallieri, Giovan Battista de", "Cavalleriis, Johannes Battista", "Cavallerius, Johannes Baptista", "Cavallerius, Joannes Baptista", "Cavalleriis, Johannes Baptista", "Cavallieri, Giovanni Battista", "Cavaleriis, Giovanni Battista", "Cavalleriis, Io. Baptista de", "Cavallieri, Giovanni Battista de", "Cavalerijs, Io. Baptista de", "Cavallieri, Giovanni B.", "Cavaleriis, Joannes B. de", "Cavallerius, Jo. B. de", "Cavalleriis, Joannes Baptista de", "Cavallerijs, Baptista de", "Cavalleriis, Giovanni Battista de", "Cavallieri, Giovanbattista de", "Cavallerius, Io. Bap.ta", "Cavalierii, Johannes Baptista de"], "date_of_birth": "ca. 1525", "date_of_death": "1601", "preferred_name": "Cavalieri, Giovanni Battista", "country_associated": "it", "variant_access_point": ["Cavaleriis, Joannes Baptista de, 1525-1601", "Cavalleris, Joannes Baptista de, 1525-1601", "Cavaleriis, Joanes Baptista de, 1525-1601", "Cavalleriis, Johannes Baptista de, 1525-1601", "Cavalerius, Johannes Battista de, 1525-1601", "Cavallerys, Johannes Baptista de, 1525-1601", "Cavaleriis, Johannes Baptista de, 1525-1601", "Cavalieri, Giovanni Battista de, 1525-1601", "Cavallieri, Giovan Battista de, 1525-1601", "Cavalleriis, Johannes Battista, 1525-1601", "Cavallerius, Johannes Baptista, 1525-1601", "Cavallerius, Joannes Baptista, 1525-1601", "Cavalleriis, Johannes Baptista, 1525-1601", "Cavallieri, Giovanni Battista, 1525-1601", "Cavaleriis, Giovanni Battista, 1525-1601", "Cavalleriis, Io. Baptista de, 1525-1601", "Cavallieri, Giovanni Battista de, 1525-1601", "Cavalerijs, Io. Baptista de, 1525-1601", "Cavallieri, Giovanni B., 1525-1601", "Cavaleriis, Joannes B. de, 1525-1601", "Cavallerius, Jo. B. de, 1525-1601", "Cavalleriis, Joannes Baptista de, 1525-1601", "Cavallerijs, Baptista de, 1525-1601", "Cavalleriis, Giovanni Battista de, 1525-1601", "Cavallieri, Giovanbattista de, 1525-1601", "Cavallerius, Io. Bap.ta, 1525-1601", "Cavalierii, Johannes Baptista de, 1525-1601"], "authorized_access_point": "Cavalieri, Giovanni Battista, 1525-1601", "biographical_information": ["Maler, Kupferstecher"]}	1
2020-10-12 10:08:12.15252	2020-10-12 10:08:12.152525	3c8f5dec-cadc-4f38-9b4b-866345354c46	{"md5": "27e54e506f4dc18dd4d7ad7511e4126c", "pid": "124813844", "$schema": "https://mef.rero.ch/schemas/gnd/gnd-contribution-v0.0.1.json", "bf:Agent": "bf:Person", "identifier": "http://d-nb.info/gnd/124813844", "variant_name": ["Catalani, Josephus", "Catalano, Giuseppe", "Catalanus, Josephus"], "date_of_birth": "1698", "date_of_death": "1764", "preferred_name": "Catalani, Giuseppe", "country_associated": "it", "variant_access_point": ["Catalani, Josephus, 1698-1764", "Catalano, Giuseppe, 1698-1764", "Catalanus, Josephus, 1698-1764"], "authorized_access_point": "Catalani, Giuseppe, 1698-1764", "biographical_information": ["Aus Paola, Wirkungsort Rom, Priester am Oratorio di San Girolamo della Carita; Ital. Gelehrter, Pater", "Theologe"]}	1
2020-10-12 10:08:12.376251	2020-10-12 10:08:12.376257	954ae8a5-a094-453a-999d-3a123f40a03a	{"md5": "f96f8bf5ff7ce5c8ce580e631f3fbc0d", "pid": "124981933", "$schema": "https://mef.rero.ch/schemas/gnd/gnd-contribution-v0.0.1.json", "bf:Agent": "bf:Person", "identifier": "http://d-nb.info/gnd/124981933", "variant_name": ["Saint-Morys, Etienne Bourgevin Vialard de", "Saint-Morys, Étienne Bourgelin Vialart de", "Saint-Morys, Vialart", "Vialart de Saint-Morys, Étienne Bourgevin", "Bourgevin Vialart de Saint-Morys, Étienne", "Vialard de Saint-Morys, Etienne Bourgevin", "Bourgevin Vialard de Saint-Morys, Etienne", "Saint-Morys, ... de", "St.-Morys, ... de", "Vialart-Saint-Morys, ... de", "Vialart-Saint-Morys, Étienne de", "Vialart de St.-Morys, ... de", "Vialart de Saint-Morys, ... de", "Vialart de St.-Morys, Étienne de", "Vialart de Saint-Morys, Étienne de", "Bourgevin Vialard, Étienne", "Vialard, Étienne Bourgevin"], "date_of_birth": "1772", "date_of_death": "1817", "preferred_name": "Saint-Morys, Étienne Bourgevin Vialart de", "variant_access_point": ["Saint-Morys, Etienne Bourgevin Vialard de, 1772-1817", "Saint-Morys, Étienne Bourgelin Vialart de, 1772-1817", "Saint-Morys, Vialart, 1772-1817", "Vialart de Saint-Morys, Étienne Bourgevin, 1772-1817", "Bourgevin Vialart de Saint-Morys, Étienne, 1772-1817", "Vialard de Saint-Morys, Etienne Bourgevin, 1772-1817", "Bourgevin Vialard de Saint-Morys, Etienne, 1772-1817", "Saint-Morys, ... de, 1772-1817", "St.-Morys, ... de, 1772-1817", "Vialart-Saint-Morys, ... de, 1772-1817", "Vialart-Saint-Morys, Étienne de, 1772-1817", "Vialart de St.-Morys, ... de, 1772-1817", "Vialart de Saint-Morys, ... de, 1772-1817", "Vialart de St.-Morys, Étienne de, 1772-1817", "Vialart de Saint-Morys, Étienne de, 1772-1817", "Bourgevin Vialard, Étienne, 1772-1817", "Vialard, Étienne Bourgevin, 1772-1817"], "authorized_access_point": "Saint-Morys, Étienne Bourgevin Vialart de, 1772-1817"}	1
2020-10-12 10:08:12.534683	2020-10-12 10:08:12.534688	17597187-c193-4a0f-a4b3-a37a244d5d59	{"md5": "84e51d7ee7be9178f66a7585eb6aa6c5", "pid": "129943495", "$schema": "https://mef.rero.ch/schemas/gnd/gnd-contribution-v0.0.1.json", "bf:Agent": "bf:Person", "identifier": "http://d-nb.info/gnd/129943495", "variant_name": ["Arnoult, Alexis Étienne Pierre Henri", "Arnoult, Alexis E."], "date_of_birth": "1782", "date_of_death": "1860", "preferred_name": "Arnoult, Stephen", "variant_access_point": ["Arnoult, Alexis Étienne Pierre Henri, 1782-1860", "Arnoult, Alexis E., 1782-1860"], "authorized_access_point": "Arnoult, Stephen, 1782-1860", "biographical_information": ["Französ. Schriftsteller"]}	1
2020-10-12 10:08:12.65209	2020-10-12 10:08:12.652095	2db9328c-f974-42f2-a641-f16b3c448c4c	{"md5": "82270d369e01f3d91b8e9312a0225e58", "pid": "130672289", "$schema": "https://mef.rero.ch/schemas/gnd/gnd-contribution-v0.0.1.json", "bf:Agent": "bf:Person", "identifier": "http://d-nb.info/gnd/130672289", "variant_name": ["Cabannes Cauna, Bernard Augustin Henri Timothée de", "Cabannes de Cauna, Bernard Augustin Henri Timothée", "Cauna, Bernard Augustin de", "Cabannes, Bernard Augustin de Cauna", "Cauna, Bernard Augustin Henry Timothée de Cabannes de"], "date_of_birth": "1822", "date_of_death": "1883", "preferred_name": "Cauna, Bernard Augustin Henri Timothée de Cabannes de", "variant_access_point": ["Cabannes Cauna, Bernard Augustin Henri Timothée de, 1822-1883", "Cabannes de Cauna, Bernard Augustin Henri Timothée, 1822-1883", "Cauna, Bernard Augustin de, 1822-1883", "Cabannes, Bernard Augustin de Cauna, 1822-1883", "Cauna, Bernard Augustin Henry Timothée de Cabannes de, 1822-1883"], "authorized_access_point": "Cauna, Bernard Augustin Henri Timothée de Cabannes de, 1822-1883"}	1
2020-10-12 10:08:12.765795	2020-10-12 10:08:12.7658	0893a400-96ba-4210-99c0-5b98f961f42c	{"md5": "a9da34766e9a6db0b5789665d1c39ade", "pid": "143032704", "$schema": "https://mef.rero.ch/schemas/gnd/gnd-contribution-v0.0.1.json", "bf:Agent": "bf:Person", "identifier": "http://d-nb.info/gnd/143032704", "variant_name": ["Soyarslan, Cigdem"], "date_of_birth": "27.03.1983", "preferred_name": "Soyarslan, Ciğdem", "country_associated": "tu", "variant_access_point": ["Soyarslan, Cigdem, 1983-"], "authorized_access_point": "Soyarslan, Ciğdem, 1983-"}	1
2020-10-12 10:08:12.888144	2020-10-12 10:08:12.88815	45a21a2f-a7d7-41de-a87a-e96fb0d6e7a8	{"md5": "b1420914569198b30b43eee0c9d72ca9", "pid": "172759757", "$schema": "https://mef.rero.ch/schemas/gnd/gnd-contribution-v0.0.1.json", "bf:Agent": "bf:Person", "identifier": "http://d-nb.info/gnd/172759757", "variant_name": ["Arnoudt, Pierre Joseph", "Arnoudt, Pierre", "Arnold, Petrus", "Arnoudt, P. J.", "Arnoudt, P.", "Arnold, P. J.", "Arnold, Peter J.", "Arnold, Peter Joseph", "Arnold, Joseph", "Arnold, J.", "Arnoudt, Petrus", "Aernoudt, Pierre", "Arnoudt, Peter J.", "Arnoudt, Pierre Jean", "Arnold, Pierre", "Arnold, Josef"], "date_of_birth": "11.05.1811", "date_of_death": "29.07.1865", "preferred_name": "Arnoudt, Pierre J.", "variant_access_point": ["Arnoudt, Pierre Joseph, 1811-1865", "Arnoudt, Pierre, 1811-1865", "Arnold, Petrus, 1811-1865", "Arnoudt, P. J., 1811-1865", "Arnoudt, P., 1811-1865", "Arnold, P. J., 1811-1865", "Arnold, Peter J., 1811-1865", "Arnold, Peter Joseph, 1811-1865", "Arnold, Joseph, 1811-1865", "Arnold, J., 1811-1865", "Arnoudt, Petrus, 1811-1865", "Aernoudt, Pierre, 1811-1865", "Arnoudt, Peter J., 1811-1865", "Arnoudt, Pierre Jean, 1811-1865", "Arnold, Pierre, 1811-1865", "Arnold, Josef, 1811-1865"], "authorized_access_point": "Arnoudt, Pierre J., 1811-1865", "biographical_information": ["Vollständiger Vorname: Peter Joseph"]}	1
