2023-08-07 18:59:57.292925	2023-08-07 19:09:17.892493	cd39e07c-dc49-43f4-a5d0-320c5559464d	{"md5": "79c0d48764d6ff3ef674e5fe8720205e", "pid": "271327383", "note": [{"label": ["Le centre aquatique des Bertisettes / Atelier Po&Po, GCC, Opalia / [auteur Karine Dana], Archibooks + Sautereau Éditeur, 2022"], "noteType": "dataSource"}], "type": "bf:Place", "$schema": "https://mef.rero.ch/schemas/places_idref/idref-place-v0.0.1.json", "bnf_type": "sujet Rameau", "identifiedBy": [{"type": "uri", "value": "http://www.idref.fr/271327383", "source": "IDREF"}], "variant_access_point": ["Centre aquatique des Bertisettes (Viroflay, France)", "CAB (Viroflay, France)"], "authorized_access_point": "Viroflay (France)"}	2
2023-08-07 18:56:09.513718	2023-08-07 19:09:14.636133	207cfdb9-ba25-4c14-95d3-bd5b21dc404c	{"md5": "b5ec02204d01ac2897dc3044c9406f8f", "pid": "027227812", "note": [{"label": ["Atlas universalis. GDEL"], "noteType": "dataSource"}], "type": "bf:Place", "$schema": "https://mef.rero.ch/schemas/places_idref/idref-place-v0.0.1.json", "bnf_type": "sujet Rameau", "identifiedBy": [{"type": "uri", "value": "http://www.idref.fr/027227812", "source": "IDREF"}, {"type": "uri", "value": "http://catalogue.bnf.fr/ark:/12148/cb11931552b", "source": "BNF"}], "variant_access_point": ["Dantzig (Pologne)", "Gedania", "Gedani", "Danzig (Pologne)"], "authorized_access_point": "Gdańsk (Pologne)"}	3
2023-08-07 18:59:57.371653	2023-08-07 19:09:17.975149	4425b174-c8b9-4f9e-a8f7-0aa42084934d	{"md5": "77c753c884702436190a883926ebde25", "pid": "271328762", "note": [{"label": ["Dict. des communes, 2001"], "noteType": "dataSource"}], "type": "bf:Place", "$schema": "https://mef.rero.ch/schemas/places_idref/idref-place-v0.0.1.json", "bnf_type": "sujet Rameau", "closeMatch": [{"source": "LCA", "identifiedBy": {"type": "uri", "value": "http://id.loc.gov/authorities/names/no2011036870", "source": "LCA"}, "authorized_access_point": "Saint-Gingolph (France)"}], "identifiedBy": [{"type": "uri", "value": "http://www.idref.fr/271328762", "source": "IDREF"}, {"type": "uri", "value": "http://catalogue.bnf.fr/ark:/12148/cb162289872", "source": "BNF"}], "classification": [{"type": "bf:ClassificationDdc", "classificationPortion": "912"}], "authorized_access_point": "Saint-Gingolph (Haute-Savoie, France)"}	2
2023-08-07 18:59:57.458354	2023-08-07 19:09:18.049631	f53238a4-a547-4aee-806b-613ea98dce83	{"md5": "142cae8fef9fb0e4ddf5f712ec3430d7", "pid": "271329017", "note": [{"label": ["Quand la grotte Cosquer sort de l'eau : la Villa Méditerranée en porte à faux / Pierre Fiastre, Éditions de l'Aube, 2022"], "noteType": "dataSource"}, {"label": ["Bâtiment public construit par Stefano Boeri. Abrite le musée Cosquer Méditerranée depuis 2022", "Adresse : Esplanade du J4, Promenade Robert Laffont, 13002 Marseille"], "noteType": "general"}], "type": "bf:Place", "$schema": "https://mef.rero.ch/schemas/places_idref/idref-place-v0.0.1.json", "bnf_type": "sujet Rameau", "identifiedBy": [{"type": "uri", "value": "http://www.idref.fr/271329017", "source": "IDREF"}], "variant_access_point": ["Villa Méditerranée (Marseille, France)"], "authorized_access_point": "Marseille (France)"}	2
2023-08-07 18:59:57.52878	2023-08-07 19:09:18.161801	14752086-ad42-43d6-ab6d-a4f7101f5724	{"md5": "5dbb2dd52a1de892e183643fb665e805", "pid": "271329335", "type": "bf:Place", "$schema": "https://mef.rero.ch/schemas/places_idref/idref-place-v0.0.1.json", "bnf_type": "sujet Rameau", "identifiedBy": [{"type": "uri", "value": "http://www.idref.fr/271329335", "source": "IDREF"}, {"type": "uri", "value": "http://catalogue.bnf.fr/ark:/12148/cb15331888p", "source": "BNF"}], "authorized_access_point": "Ayas (Val d'Aoste, Italie)"}	2
2023-08-07 18:59:57.601157	2023-08-07 19:09:18.230069	a0a54d41-15e9-471c-94d4-35b1b63f50df	{"md5": "9de54104659eda780aadee4349bfb736", "pid": "271329696", "type": "bf:Place", "$schema": "https://mef.rero.ch/schemas/places_idref/idref-place-v0.0.1.json", "broader": [{"authorized_access_point": "Canaries, Îles (Espagne)"}], "bnf_type": "sujet Rameau", "identifiedBy": [{"type": "uri", "value": "http://www.idref.fr/271329696", "source": "IDREF"}, {"type": "uri", "value": "http://catalogue.bnf.fr/ark:/12148/cb15292962k", "source": "BNF"}], "variant_access_point": ["Teneriffe, Île de (Canaries, Espagne)"], "authorized_access_point": "Tenerife, Île de (Canaries, Espagne)"}	2
2023-08-07 18:59:57.694246	2023-08-07 19:09:18.298041	28bd04aa-3462-44e4-95ae-ab0ffd6fef2e	{"md5": "e9114375c51210143aa41c2b6f0b8f41", "pid": "271329734", "note": [{"label": ["Atlas Le Monde"], "noteType": "dataSource"}], "type": "bf:Place", "$schema": "https://mef.rero.ch/schemas/places_idref/idref-place-v0.0.1.json", "bnf_type": "sujet Rameau", "identifiedBy": [{"type": "uri", "value": "http://www.idref.fr/271329734", "source": "IDREF"}, {"type": "uri", "value": "http://catalogue.bnf.fr/ark:/12148/cb11963639h", "source": "BNF"}], "variant_access_point": ["Edinburgh (GB)"], "authorized_access_point": "Édimbourg (GB)"}	2
2023-08-07 18:59:57.793122	2023-08-07 19:09:18.366856	ab50f1ac-fb33-4e09-b7ee-eece0b45faa1	{"md5": "4312e979f358970e942f8f3209f8c105", "pid": "271329831", "type": "bf:Place", "$schema": "https://mef.rero.ch/schemas/places_idref/idref-place-v0.0.1.json", "bnf_type": "sujet Rameau", "identifiedBy": [{"type": "uri", "value": "http://www.idref.fr/271329831", "source": "IDREF"}, {"type": "uri", "value": "http://catalogue.bnf.fr/ark:/12148/cb152884911", "source": "BNF"}], "authorized_access_point": "Basse-Engadine (Grisons, Suisse ; vallée)"}	2
2023-08-07 18:59:57.873492	2023-08-07 19:09:18.430524	b5e44786-7267-4617-b37e-87d9122b3b1f	{"md5": "3277ed358eabd2292845e1ee6093e286", "pid": "271329912", "note": [{"label": ["Atlas Le Monde"], "noteType": "dataSource"}], "type": "bf:Place", "$schema": "https://mef.rero.ch/schemas/places_idref/idref-place-v0.0.1.json", "bnf_type": "sujet Rameau", "identifiedBy": [{"type": "uri", "value": "http://www.idref.fr/271329912", "source": "IDREF"}, {"type": "uri", "value": "http://catalogue.bnf.fr/ark:/12148/cb121679559", "source": "BNF"}], "authorized_access_point": "Alagna Valsesia (Italie)"}	2
2023-08-07 18:59:57.964051	2023-08-07 19:09:18.49767	aaa15ede-0c11-4195-9c70-d95bad8f32d2	{"md5": "25447334e143de92d877617d80b78b46", "pid": "271329998", "type": "bf:Place", "$schema": "https://mef.rero.ch/schemas/places_idref/idref-place-v0.0.1.json", "bnf_type": "sujet Rameau", "narrower": [{"authorized_access_point": "Tremezzina (Italie)"}], "identifiedBy": [{"type": "uri", "value": "http://www.idref.fr/271329998", "source": "IDREF"}, {"type": "uri", "value": "http://catalogue.bnf.fr/ark:/12148/cb120937181", "source": "BNF"}], "classification": [{"type": "bf:ClassificationDdc", "classificationPortion": "914"}], "authorized_access_point": "Côme, Lac de (Italie ; région)"}	2
2023-08-07 18:59:58.132863	2023-08-07 19:09:18.627582	55c8e14c-a778-4d1d-a583-9d3c24b94be8	{"md5": "d448ddbf5885fd7d8d9e7cb350031c18", "pid": "271330163", "note": [{"label": ["Port-Valais - http://www.port-valais.ch (2015-05-18)", "Dict. historique de la Suisse - http://www.hls-dhs-dss.ch (2015-05-18)"], "noteType": "dataSource"}, {"label": ["Commune du canton du Valais, district de Monthey, comprenant les villages du Bouveret et des Evouettes"], "noteType": "general"}], "type": "bf:Place", "$schema": "https://mef.rero.ch/schemas/places_idref/idref-place-v0.0.1.json", "bnf_type": "sujet Rameau", "identifiedBy": [{"type": "uri", "value": "http://www.idref.fr/271330163", "source": "IDREF"}, {"type": "uri", "value": "http://catalogue.bnf.fr/ark:/12148/cb16965305j", "source": "BNF"}], "classification": [{"type": "bf:ClassificationDdc", "classificationPortion": "914"}], "authorized_access_point": "Port-Valais (Suisse)"}	2
2023-08-07 18:59:58.217867	2023-08-07 19:09:18.709108	54e2f462-7940-41ec-9314-3c0a24f86920	{"md5": "d6b4979bc25ce4b11c55c651f3ff8027", "pid": "271331658", "type": "bf:Place", "$schema": "https://mef.rero.ch/schemas/places_idref/idref-place-v0.0.1.json", "bnf_type": "sujet Rameau", "identifiedBy": [{"type": "uri", "value": "http://www.idref.fr/271331658", "source": "IDREF"}, {"type": "uri", "value": "http://catalogue.bnf.fr/ark:/12148/cb152915042", "source": "BNF"}], "authorized_access_point": "Mauvoisin (Valais, Suisse)"}	2
2023-08-07 18:59:58.291593	2023-08-07 19:09:18.786581	9227223f-3cee-4dd8-b77e-818a2ed97e1d	{"md5": "a572340ecc2df763bc1452e09d648602", "pid": "271331712", "type": "bf:Place", "$schema": "https://mef.rero.ch/schemas/places_idref/idref-place-v0.0.1.json", "bnf_type": "sujet Rameau", "identifiedBy": [{"type": "uri", "value": "http://www.idref.fr/271331712", "source": "IDREF"}, {"type": "uri", "value": "http://catalogue.bnf.fr/ark:/12148/cb15218260r", "source": "BNF"}], "variant_access_point": ["Trient, Glacier du (Valais, Suisse)", "Trient, Plateau du (Valais, Suisse)"], "authorized_access_point": "Trient, Glacier plateau du (Valais, Suisse)"}	2
2023-08-07 18:59:58.349824	2023-08-07 19:09:18.851606	0f2b6b9d-4056-4cb4-9652-992034266aa7	{"md5": "698e19088dda25364160dadee9b9e871", "pid": "27133181X", "note": [{"label": ["Dictionnaire historique de la Suisse - http://www.hls-dhs-dss.ch/index.php (2010-07-17)"], "noteType": "dataSource"}], "type": "bf:Place", "$schema": "https://mef.rero.ch/schemas/places_idref/idref-place-v0.0.1.json", "broader": [{"authorized_access_point": "Alpes Lépontines, Massif des"}], "bnf_type": "sujet Rameau", "identifiedBy": [{"type": "uri", "value": "http://www.idref.fr/27133181X", "source": "IDREF"}, {"type": "uri", "value": "http://catalogue.bnf.fr/ark:/12148/cb15201346k", "source": "BNF"}], "variant_access_point": ["Col de Nufenen (Valais / Tessin, Suisse)", "Nufenenpass, Col de (Wallis / Tessin, Suisse)", "Novena, passo della (Vallese / Ticino, Suisse ; Col)", "Passo della Novena (Vallese / Ticino, Suisse ; Col)"], "authorized_access_point": "Nufenen, Col de (Valais / Tessin, Suisse)"}	2
2023-08-07 18:59:58.406634	2023-08-07 19:09:18.943887	1c01c898-0cdb-4f75-b38b-db36ad5fae9c	{"md5": "49efe810d008874b3f3005a2d72a231c", "pid": "271332352", "note": [{"label": ["GeoNames - http://www.geonames.org (2018-10-10)", "Wikipedia - https://de.wikipedia.org (2018-10-10)", "Grand Larousse universel : Kleiner Walsertal", "Cartes IGN / Pays, découverte du Monde : Autriche, 2016 : Kl. Walsertal", "Österreich Lex., 1966 : Kleines Walsertal"], "noteType": "dataSource"}, {"label": ["Vallée des Alpes autrichiennes (Vorarlberg, district de Bregenz), contigüe à la Bavière (Allemagne). Elle englobe le territoire communal de Mittelberg et doit son nom aux Walser, peuple germanophone du Moyen âge venu du Valais (Suisse)"], "noteType": "general"}], "type": "bf:Place", "$schema": "https://mef.rero.ch/schemas/places_idref/idref-place-v0.0.1.json", "bnf_type": "sujet Rameau", "closeMatch": [{"source": "LCSH", "identifiedBy": {"type": "uri", "value": "http://id.loc.gov/authorities/subjects/sh92003686", "source": "LCSH"}, "authorized_access_point": "Kleinwalsertal (Austria)"}], "identifiedBy": [{"type": "uri", "value": "http://www.idref.fr/271332352", "source": "IDREF"}, {"type": "uri", "value": "http://catalogue.bnf.fr/ark:/12148/cb17764284z", "source": "BNF"}], "classification": [{"type": "bf:ClassificationDdc", "classificationPortion": "914"}], "variant_access_point": ["Kleiner Walsertal (Autriche)", "Kleines Walsertal (Autriche)"], "authorized_access_point": "Kleinwalsertal (Autriche)"}	2
2023-08-07 18:59:58.461882	2023-08-07 19:09:19.027087	2849d614-6ed4-421e-b95b-78cd2771661d	{"md5": "31d31894cc19716f0ac3f512237ea5c0", "pid": "271332778", "type": "bf:Place", "$schema": "https://mef.rero.ch/schemas/places_idref/idref-place-v0.0.1.json", "bnf_type": "sujet Rameau", "identifiedBy": [{"type": "uri", "value": "http://www.idref.fr/271332778", "source": "IDREF"}, {"type": "uri", "value": "http://catalogue.bnf.fr/ark:/12148/cb15766361s", "source": "BNF"}], "authorized_access_point": "Arpille, Mont de l' (Valais, Suisse)"}	2
2023-08-07 18:59:58.517043	2023-08-07 19:09:19.101044	f7c2e891-ad8e-43fc-a6fc-0debf1511940	{"md5": "6bed3d2cfbd6d16bd036f4eb819a0e84", "pid": "271332824", "type": "bf:Place", "$schema": "https://mef.rero.ch/schemas/places_idref/idref-place-v0.0.1.json", "bnf_type": "sujet Rameau", "identifiedBy": [{"type": "uri", "value": "http://www.idref.fr/271332824", "source": "IDREF"}, {"type": "uri", "value": "http://catalogue.bnf.fr/ark:/12148/cb15288492c", "source": "BNF"}], "authorized_access_point": "Haute-Engadine (Grisons, Suisse ; vallée)"}	2
2023-08-07 19:09:14.816396	2023-08-07 19:09:14.816405	02654fc2-2221-4e74-93d7-0bfd3998319f	{"md5": "c0ace3f9408f195aa3ceb8c5d0d180bc", "pid": "027250504", "note": [{"label": ["Dict. communes, 1984 - Saint-Sauveur, également appelée Saint-Sauveur-de-Givre-en-Mai, est une ancienne commune française située dans le département des Deux-Sèvres et la région Poitou-Charentes. Elle est associée à la commune de Bressuire depuis 1973."], "noteType": "dataSource"}], "type": "bf:Place", "$schema": "https://mef.rero.ch/schemas/places_idref/idref-place-v0.0.1.json", "bnf_type": "sujet Rameau", "identifiedBy": [{"type": "uri", "value": "http://www.idref.fr/027250504", "source": "IDREF"}, {"type": "uri", "value": "http://catalogue.bnf.fr/ark:/12148/cb11854138n", "source": "BNF"}], "variant_access_point": ["Saint-Sauveur-de-Givre-en-Mai"], "authorized_access_point": "Bressuire (Deux-Sèvres)"}	1
2023-08-07 19:09:14.890735	2023-08-07 19:09:14.89074	d0e161cd-4bd1-4ca8-a64d-ab5213ec2d08	{"md5": "0c834e3106967e9a84fbe5ba0e59e3c9", "pid": "263259935", "note": [{"label": ["Bettmeralp : das Wimmelbuch / Gabriel Giger, 2022", "https://hls-dhs-dss.ch/fr/articles/050027/2016-10-27/"], "noteType": "dataSource"}], "type": "bf:Place", "$schema": "https://mef.rero.ch/schemas/places_idref/idref-place-v0.0.1.json", "bnf_type": "sujet Rameau", "identifiedBy": [{"type": "uri", "value": "http://www.idref.fr/263259935", "source": "IDREF"}], "authorized_access_point": "Bettmeralp (Suisse)"}	1
2023-08-07 19:09:14.958439	2023-08-07 19:09:14.958445	0cef832b-b771-460a-8b67-3932eb6e4f9f	{"md5": "c0b78a6facbce91ddba7bedfe156ccca", "pid": "271321628", "note": [{"label": ["Sowjetischer Pavillon : Substanz oder Erscheinung / Peter Zirkel (Hg.) ; [mit Fotografien von] Till Schuster, M Books, 2021", "https://peterzirkel.de/sowjetischer-pavillon/, 2023-08-02"], "noteType": "dataSource"}, {"label": ["Construit en 1924 comme hall d'exposition par les architectes Oskar Pusch et Carl Krämer. Le bâtiment a servi de pavillon d'exposition pour l'URSS. Depuis le début des années 1990, il est utilisé comme archives municipales"], "noteType": "general"}], "type": "bf:Place", "$schema": "https://mef.rero.ch/schemas/places_idref/idref-place-v0.0.1.json", "bnf_type": "sujet Rameau", "identifiedBy": [{"type": "uri", "value": "http://www.idref.fr/271321628", "source": "IDREF"}], "variant_access_point": ["Sowjetischer Pavillon (Leipzig, Allemagne)", "Achilleion (Leipzig, Allemagne)", "Pavillon soviétique (Leipzig, Allemagne)"], "authorized_access_point": "Leipzig (Allemagne)"}	1
2023-08-07 19:09:15.022452	2023-08-07 19:09:15.022456	c7fd55bf-004b-44a7-b1fa-43bcdbf12436	{"md5": "fb4b44bbfa5c9600c4cca5ed11b72bb0", "pid": "271323337", "note": [{"label": ["Atlas universel / \\"Le Monde\\", Sélection du \\"Reader's digest\\", 1993", "Ville de Sierre - http://www.sierre.ch (2014-09-12)"], "noteType": "dataSource"}, {"label": ["Ville du canton du Valais, district de Sierre"], "noteType": "general"}], "type": "bf:Place", "$schema": "https://mef.rero.ch/schemas/places_idref/idref-place-v0.0.1.json", "bnf_type": "sujet Rameau", "closeMatch": [{"source": "LCA", "identifiedBy": {"type": "uri", "value": "http://id.loc.gov/authorities/names/n85344685", "source": "LCA"}, "authorized_access_point": "Sierre (Switzerland)"}], "identifiedBy": [{"type": "uri", "value": "http://www.idref.fr/271323337", "source": "IDREF"}, {"type": "uri", "value": "http://catalogue.bnf.fr/ark:/12148/cb169098180", "source": "BNF"}], "classification": [{"type": "bf:ClassificationDdc", "classificationPortion": "914"}], "variant_access_point": ["Siders (Suisse)"], "authorized_access_point": "Sierre (Suisse)"}	1
2023-08-07 19:09:15.086313	2023-08-07 19:09:15.086316	41183a97-5352-4f0b-9768-6ac93fb3d2d9	{"md5": "90c31e33485c8af3a47b2f88f11d214a", "pid": "271323353", "note": [{"label": ["Site officiel de la commune - http://www.kippel.ch (2010-07-16)"], "noteType": "dataSource"}], "type": "bf:Place", "$schema": "https://mef.rero.ch/schemas/places_idref/idref-place-v0.0.1.json", "bnf_type": "sujet Rameau", "identifiedBy": [{"type": "uri", "value": "http://www.idref.fr/271323353", "source": "IDREF"}, {"type": "uri", "value": "http://catalogue.bnf.fr/ark:/12148/cb15189407c", "source": "BNF"}], "variant_access_point": ["Kypil (Valais, Suisse)"], "authorized_access_point": "Kippel (Valais, Suisse)"}	1
2023-08-07 19:09:15.763639	2023-08-07 19:09:15.763643	b7ee70c7-9ff9-4912-a013-191ea428c372	{"md5": "12f6462138838fa94cb7798495dba2f7", "pid": "271323698", "type": "bf:Place", "$schema": "https://mef.rero.ch/schemas/places_idref/idref-place-v0.0.1.json", "bnf_type": "sujet Rameau", "identifiedBy": [{"type": "uri", "value": "http://www.idref.fr/271323698", "source": "IDREF"}, {"type": "uri", "value": "http://catalogue.bnf.fr/ark:/12148/cb15301322r", "source": "BNF"}], "authorized_access_point": "Saint Nicolas (Valais, Suisse)"}	1
2023-08-07 18:59:58.62818	2023-08-07 19:09:19.338955	3ffab6e3-70b2-4606-befc-96ed5da1596f	{"md5": "108e51f237bc1cdeac314cb4fef20162", "pid": "271333197", "type": "bf:Place", "$schema": "https://mef.rero.ch/schemas/places_idref/idref-place-v0.0.1.json", "bnf_type": "sujet Rameau", "identifiedBy": [{"type": "uri", "value": "http://www.idref.fr/271333197", "source": "IDREF"}, {"type": "uri", "value": "http://catalogue.bnf.fr/ark:/12148/cb170154986", "source": "BNF"}], "authorized_access_point": "Orsieres (Valais, Suisse). Praz-de-Fort"}	2
2023-08-07 18:59:58.682971	2023-08-07 19:09:19.413231	c692964e-bd93-45de-a971-170167392272	{"md5": "fd94496f6f297bdbcf95da48e06a5d70", "pid": "271333243", "type": "bf:Place", "$schema": "https://mef.rero.ch/schemas/places_idref/idref-place-v0.0.1.json", "bnf_type": "sujet Rameau", "identifiedBy": [{"type": "uri", "value": "http://www.idref.fr/271333243", "source": "IDREF"}, {"type": "uri", "value": "http://catalogue.bnf.fr/ark:/12148/cb152817737", "source": "BNF"}], "variant_access_point": ["Urserental, Vallée (Uri, Suisse ; Vallée)", "Ursernthal, Vallée (Uri, Suisse ; Vallée)"], "authorized_access_point": "Urseren, Vallée d' (Uri, Suisse)"}	2
2023-08-07 19:09:15.150507	2023-08-07 19:09:15.15051	66e005ff-49d0-4088-86e4-27e3fb2c626c	{"md5": "528fe09670e33aa44d7d5d95eb48653d", "pid": "271323426", "note": [{"label": ["Wikipédia - http://fr.wikipedia.org (2014-04-24)", "Guides bleus : Suisse, 1991", "Dict. historique de la Suisse - http://www.hls-dhs-dss.ch (2014-04-24)"], "noteType": "dataSource"}, {"label": ["Ancienne commune du Valais, qui a fusionné le 1er janvier 2009 avec les 5 autres communes du val d'Anniviers pour former la commune d'Anniviers"], "noteType": "general"}], "type": "bf:Place", "$schema": "https://mef.rero.ch/schemas/places_idref/idref-place-v0.0.1.json", "bnf_type": "sujet Rameau", "closeMatch": [{"source": "LCA", "identifiedBy": {"type": "uri", "value": "http://id.loc.gov/authorities/names/n83221461", "source": "LCA"}, "authorized_access_point": "Grimentz (Switzerland)"}], "identifiedBy": [{"type": "uri", "value": "http://www.idref.fr/271323426", "source": "IDREF"}, {"type": "uri", "value": "http://catalogue.bnf.fr/ark:/12148/cb12068132h", "source": "BNF"}], "classification": [{"type": "bf:ClassificationDdc", "classificationPortion": "914"}], "variant_access_point": ["Anniviers (Suisse)"], "authorized_access_point": "Grimentz (Suisse)"}	1
2023-08-07 19:09:15.216582	2023-08-07 19:09:15.216585	d24a9add-a3f5-4e6e-b160-c2bb222d805b	{"md5": "e6de4217e2eb56fe8a5e953e2e1c6b4b", "pid": "271323485", "note": [{"label": ["GDEL"], "noteType": "dataSource"}], "type": "bf:Place", "$schema": "https://mef.rero.ch/schemas/places_idref/idref-place-v0.0.1.json", "bnf_type": "sujet Rameau", "identifiedBy": [{"type": "uri", "value": "http://www.idref.fr/271323485", "source": "IDREF"}, {"type": "uri", "value": "http://catalogue.bnf.fr/ark:/12148/cb12131962h", "source": "BNF"}], "authorized_access_point": "Collombey-Muraz (Suisse)"}	1
2023-08-07 19:09:15.28714	2023-08-07 19:09:15.287142	2db6672b-960d-471c-ada6-de5af3674b6c	{"md5": "b89c4ab82a38667ca62f5259e805ffe7", "pid": "271323515", "note": [{"label": ["Wikipédia - http://fr.wikipedia.org (2015-04-30)", "Dict. historique de la Suisse (art. : Port-Valais) - http://www.hls-dhs-dss.ch (2015-05-18)"], "noteType": "dataSource"}, {"label": ["Localité de la commune de Port-Valais dans le canton du Valais, située au sud du lac Léman et proche de la frontière française"], "noteType": "general"}], "type": "bf:Place", "$schema": "https://mef.rero.ch/schemas/places_idref/idref-place-v0.0.1.json", "bnf_type": "sujet Rameau", "closeMatch": [{"source": "LCA", "identifiedBy": {"type": "uri", "value": "http://id.loc.gov/authorities/names/n83224886", "source": "LCA"}, "authorized_access_point": "Bouveret (Switzerland)"}], "identifiedBy": [{"type": "uri", "value": "http://www.idref.fr/271323515", "source": "IDREF"}, {"type": "uri", "value": "http://catalogue.bnf.fr/ark:/12148/cb169627006", "source": "BNF"}], "classification": [{"type": "bf:ClassificationDdc", "classificationPortion": "914"}], "variant_access_point": ["Bouveret, Le (Suisse)", "Bouveret (Suisse)", "Port-Valais (Suisse)"], "authorized_access_point": "Le Bouveret (Suisse)"}	1
2023-08-07 19:09:15.374985	2023-08-07 19:09:15.374989	3abbb5fd-263f-4da7-81bb-2459288ad7b6	{"md5": "8c7e59deb2c8d41a5e8252a60a75da50", "pid": "271323523", "type": "bf:Place", "$schema": "https://mef.rero.ch/schemas/places_idref/idref-place-v0.0.1.json", "bnf_type": "sujet Rameau", "identifiedBy": [{"type": "uri", "value": "http://www.idref.fr/271323523", "source": "IDREF"}, {"type": "uri", "value": "http://catalogue.bnf.fr/ark:/12148/cb17010914h", "source": "BNF"}], "variant_access_point": ["Val d'Illiez (Valais, Suisse ; vallée)"], "authorized_access_point": "Illiez, Val d' (Valais, Suisse ; vallée)"}	1
2023-08-07 19:09:15.463406	2023-08-07 19:09:15.463412	5379e67f-8f47-4a3a-8b92-1862a4b778c5	{"md5": "2db810daa89f34f9a8a89efbfc700021", "pid": "271323566", "note": [{"label": ["Wikipédia : Pays des Trois-Lacs - https://fr.wikipedia.org (2016-01-15)", "Wikipedia : Drei-Seen-Land - https://de.wikipedia.org (2016-01-15)", "Drei-Seen-Land / Pays des Trois-Lacs - http://www.bielersee.ch (2016-01-15)", "Jura & Trois-Lacs - http://www.paysdestroislacs.ch (2016-01-15)"], "noteType": "dataSource"}, {"label": ["Région (notamment viticole) du nord-ouest de la Suisse, autour des trois lacs de Bienne, Morat et Neuchâtel (ainsi qu'une partie du bassin moyen de l'Aar), recouvrant pour partie 3 cantons de la Suisse romande (Fribourg, Neuchâtel, Vaud) et 1 de la Suisse alémanique (Berne)"], "noteType": "general"}], "type": "bf:Place", "$schema": "https://mef.rero.ch/schemas/places_idref/idref-place-v0.0.1.json", "bnf_type": "sujet Rameau", "identifiedBy": [{"type": "uri", "value": "http://www.idref.fr/271323566", "source": "IDREF"}, {"type": "uri", "value": "http://catalogue.bnf.fr/ark:/12148/cb170172206", "source": "BNF"}], "classification": [{"type": "bf:ClassificationDdc", "classificationPortion": "914"}], "variant_access_point": ["Drei-Seen-Land (Suisse)", "Pays des Trois-Lacs (Suisse)", "Région des Trois-Lacs (Suisse)", "Trois-Lacs (Suisse ; région)"], "authorized_access_point": "Trois-Lacs, Pays des (Suisse)"}	1
2023-08-07 19:09:15.553681	2023-08-07 19:09:15.553685	2d257bae-6a0c-41f9-ada8-7b214e560ef4	{"md5": "97357edd1b8070012badecc011016bbd", "pid": "271323590", "type": "bf:Place", "$schema": "https://mef.rero.ch/schemas/places_idref/idref-place-v0.0.1.json", "bnf_type": "sujet Rameau", "identifiedBy": [{"type": "uri", "value": "http://www.idref.fr/271323590", "source": "IDREF"}, {"type": "uri", "value": "http://catalogue.bnf.fr/ark:/12148/cb152399861", "source": "BNF"}], "variant_access_point": ["Bâle-Ville (Suisse)", "Basel-Stadt (Suisse)", "Basilea Citta (Suisse)", "Basilea", "Basilia", "Basilea Rauracorum", "Colonia Munatiana", "Athenae Rauracae", "Bazela", "Baesula", "Basula", "Baille", "Baalle", "Basle"], "authorized_access_point": "Bâle (Bâle-Ville, Suisse)"}	1
2023-08-07 19:09:15.620796	2023-08-07 19:09:15.620803	71864109-cf62-42aa-af07-de18e1c8859a	{"md5": "10c57f8501c022e40c13a450cb672948", "pid": "271323663", "note": [{"label": ["Geonames - http://www.geonames.org (2014-09-12)", "Atlas universel / \\"Le Monde\\", Sélection du \\"Reader's digest\\", 1993"], "noteType": "dataSource"}, {"label": ["Commune du canton du Valais"], "noteType": "general"}], "type": "bf:Place", "$schema": "https://mef.rero.ch/schemas/places_idref/idref-place-v0.0.1.json", "bnf_type": "sujet Rameau", "closeMatch": [{"source": "LCA", "identifiedBy": {"type": "uri", "value": "http://id.loc.gov/authorities/names/n83239447", "source": "LCA"}, "authorized_access_point": "Vouvry (Switzerland)"}], "identifiedBy": [{"type": "uri", "value": "http://www.idref.fr/271323663", "source": "IDREF"}, {"type": "uri", "value": "http://catalogue.bnf.fr/ark:/12148/cb16909821w", "source": "BNF"}], "classification": [{"type": "bf:ClassificationDdc", "classificationPortion": "914"}], "authorized_access_point": "Vouvry (Suisse)"}	1
2023-08-07 19:09:15.691069	2023-08-07 19:09:15.691074	19366163-59ba-44ad-b084-b7de51ab0fe6	{"md5": "daf5485db2ea0beba624a685a79844b5", "pid": "27132368X", "type": "bf:Place", "$schema": "https://mef.rero.ch/schemas/places_idref/idref-place-v0.0.1.json", "bnf_type": "sujet Rameau", "identifiedBy": [{"type": "uri", "value": "http://www.idref.fr/27132368X", "source": "IDREF"}, {"type": "uri", "value": "http://catalogue.bnf.fr/ark:/12148/cb169778199", "source": "BNF"}], "authorized_access_point": "Grächen (Valais, Suisse)"}	1
2023-08-07 19:09:15.842628	2023-08-07 19:09:15.842634	86879c0a-4f62-43e3-b712-bcae06dcf883	{"md5": "2646327eb078c75fa4466625a6f24280", "pid": "271323728", "type": "bf:Place", "$schema": "https://mef.rero.ch/schemas/places_idref/idref-place-v0.0.1.json", "bnf_type": "sujet Rameau", "identifiedBy": [{"type": "uri", "value": "http://www.idref.fr/271323728", "source": "IDREF"}, {"type": "uri", "value": "http://catalogue.bnf.fr/ark:/12148/cb170109286", "source": "BNF"}], "authorized_access_point": "Troistorrents (Valais, Suisse)"}	1
2023-08-07 19:09:15.917956	2023-08-07 19:09:15.917961	1960e866-2860-4526-a354-4fd3a9027730	{"md5": "ee42f3e7c54b5e6ae44747e3cc551352", "pid": "271323752", "note": [{"label": ["Dictionnaire historique de la Suisse - http://www.hls-dhs-dss.ch/textes/f/F2757.php (2010-07-16)"], "noteType": "dataSource"}], "type": "bf:Place", "$schema": "https://mef.rero.ch/schemas/places_idref/idref-place-v0.0.1.json", "bnf_type": "sujet Rameau", "identifiedBy": [{"type": "uri", "value": "http://www.idref.fr/271323752", "source": "IDREF"}, {"type": "uri", "value": "http://catalogue.bnf.fr/ark:/12148/cb15171340s", "source": "BNF"}], "variant_access_point": ["Uffen der Blattun (Valais, Suisse)", "Eisten (Valais, Suisse)", "Ried (Valais, Suisse)", "Weissenried (Valais, Suisse)", "Fafleralp (Valais, Suisse)", "Kühmatt (Valais, Suisse)"], "authorized_access_point": "Blatten (Valais, Suisse)"}	1
2023-08-07 19:09:15.977975	2023-08-07 19:09:15.977981	d2daf6be-7f01-4c0b-a489-4e7b40a2ea5f	{"md5": "0b75ba28e5ecb83e276f6ac529886c46", "pid": "271323957", "type": "bf:Place", "$schema": "https://mef.rero.ch/schemas/places_idref/idref-place-v0.0.1.json", "bnf_type": "sujet Rameau", "identifiedBy": [{"type": "uri", "value": "http://www.idref.fr/271323957", "source": "IDREF"}, {"type": "uri", "value": "http://catalogue.bnf.fr/ark:/12148/cb170137616", "source": "BNF"}], "authorized_access_point": "Leysin (Vaud, Suisse)"}	1
2023-08-07 19:09:16.033274	2023-08-07 19:09:16.033277	0c983ed7-5bdf-4fd9-a730-ba8d6cd9bcbb	{"md5": "1e2a3bc8ebc1159a505cf80551927955", "pid": "271323973", "note": [{"label": ["L'atlas National geographic, 2007", "Petit Robert des noms propres 2015 (art. : Morat [ville])", "Grand Larousse universel (art. : Morat [ville])", "Guides Voir : Suisse, 2006"], "noteType": "dataSource"}, {"label": ["Lac de Suisse romande (canton de Fribourg), proche de celui de Neuchâtel"], "noteType": "general"}], "type": "bf:Place", "$schema": "https://mef.rero.ch/schemas/places_idref/idref-place-v0.0.1.json", "bnf_type": "sujet Rameau", "closeMatch": [{"source": "LCSH", "identifiedBy": {"type": "uri", "value": "http://id.loc.gov/authorities/subjects/sh85087214", "source": "LCSH"}, "authorized_access_point": "Morat, Lake of (Switzerland)"}], "identifiedBy": [{"type": "uri", "value": "http://www.idref.fr/271323973", "source": "IDREF"}, {"type": "uri", "value": "http://catalogue.bnf.fr/ark:/12148/cb170195106", "source": "BNF"}], "classification": [{"type": "bf:ClassificationDdc", "classificationPortion": "914"}], "variant_access_point": ["Murtensee (Suisse)"], "authorized_access_point": "Morat, Lac de (Suisse)"}	1
2023-08-07 19:09:16.091135	2023-08-07 19:09:16.091141	1e24fe6c-8de4-44d0-8061-59526ea21d06	{"md5": "2021cb4a2bf67d4b37d77322b097296d", "pid": "271324015", "type": "bf:Place", "$schema": "https://mef.rero.ch/schemas/places_idref/idref-place-v0.0.1.json", "bnf_type": "sujet Rameau", "identifiedBy": [{"type": "uri", "value": "http://www.idref.fr/271324015", "source": "IDREF"}, {"type": "uri", "value": "http://catalogue.bnf.fr/ark:/12148/cb153071261", "source": "BNF"}], "authorized_access_point": "Moutier (Berne, Suisse)"}	1
2023-08-07 19:09:16.150717	2023-08-07 19:09:16.15072	23fdd8ab-e682-4e93-8308-a50921e24049	{"md5": "51a109a94d96fbdad1b01f4740998ccb", "pid": "271324031", "type": "bf:Place", "$schema": "https://mef.rero.ch/schemas/places_idref/idref-place-v0.0.1.json", "bnf_type": "sujet Rameau", "identifiedBy": [{"type": "uri", "value": "http://www.idref.fr/271324031", "source": "IDREF"}, {"type": "uri", "value": "http://catalogue.bnf.fr/ark:/12148/cb15170908q", "source": "BNF"}], "authorized_access_point": "Bex (Vaud, Suisse)"}	1
2023-08-07 19:09:16.211392	2023-08-07 19:09:16.211395	f1a933c8-2edf-4065-ab5b-ce6755239f2a	{"md5": "259dcb7e8c9441dd436351a9d0f6602f", "pid": "271324058", "type": "bf:Place", "$schema": "https://mef.rero.ch/schemas/places_idref/idref-place-v0.0.1.json", "bnf_type": "sujet Rameau", "identifiedBy": [{"type": "uri", "value": "http://www.idref.fr/271324058", "source": "IDREF"}, {"type": "uri", "value": "http://catalogue.bnf.fr/ark:/12148/cb15292722s", "source": "BNF"}], "variant_access_point": ["Hauderes, Les (Valais, Suisse)"], "authorized_access_point": "Les Hauderes (Valais, Suisse)"}	1
2023-08-07 19:09:16.26557	2023-08-07 19:09:16.265575	ed89b917-dfef-440a-82b7-d9687f5ce549	{"md5": "f4e58ef90fee591b3056b8978661938c", "pid": "271324074", "type": "bf:Place", "$schema": "https://mef.rero.ch/schemas/places_idref/idref-place-v0.0.1.json", "bnf_type": "sujet Rameau", "identifiedBy": [{"type": "uri", "value": "http://www.idref.fr/271324074", "source": "IDREF"}, {"type": "uri", "value": "http://catalogue.bnf.fr/ark:/12148/cb15286338t", "source": "BNF"}], "authorized_access_point": "Saas Grund (Valais, Suisse)"}	1
2023-08-07 19:09:16.327642	2023-08-07 19:09:16.327648	9ad21273-47b8-4f0b-a483-ecf45d27306f	{"md5": "be627bc82578b05cb24254460bfc269a", "pid": "271324562", "note": [{"label": ["L'apothicairerie de l'hôpital de Dax / Xavier Petitcol, 2023"], "noteType": "dataSource"}], "type": "bf:Place", "$schema": "https://mef.rero.ch/schemas/places_idref/idref-place-v0.0.1.json", "bnf_type": "sujet Rameau", "identifiedBy": [{"type": "uri", "value": "http://www.idref.fr/271324562", "source": "IDREF"}], "authorized_access_point": "Dax (Landes)"}	1
2023-08-07 19:09:16.392626	2023-08-07 19:09:16.392633	a2d1f853-f2ca-41c3-a194-f6429f1a2c7e	{"md5": "d43e35c11f9a16ed068d502e3e090c93", "pid": "271326441", "note": [{"label": ["Atlas universalis (Val di Gressoney)", "Valle d'Aosta-Vallée d'Aoste - http://www.regione.vda.it (2006-04-20)"], "noteType": "dataSource"}, {"label": ["Vallée du nord-est du Val d'Aoste au pied du Mont Rose, drainée par le Lys. Elle est habitée depuis le 13e siècle par des Valaisiens (Walser) germanophones"], "noteType": "general"}], "type": "bf:Place", "$schema": "https://mef.rero.ch/schemas/places_idref/idref-place-v0.0.1.json", "bnf_type": "sujet Rameau", "closeMatch": [{"source": "LCSH", "identifiedBy": {"type": "uri", "value": "http://id.loc.gov/authorities/subjects/sh85057315", "source": "LCSH"}, "authorized_access_point": "Gressoney Valley (Italy)"}], "identifiedBy": [{"type": "uri", "value": "http://www.idref.fr/271326441", "source": "IDREF"}, {"type": "uri", "value": "http://catalogue.bnf.fr/ark:/12148/cb12725205j", "source": "BNF"}], "classification": [{"type": "bf:ClassificationDdc", "classificationPortion": "914"}], "variant_access_point": ["Gressoney, Val di (Italie)", "Gressoney, Valle di (Italie)", "Gressoneytal (Italie)", "Lys, Vallée du (Italie)", "Val de Gressoney (Italie)"], "authorized_access_point": "Gressoney, Val de (Italie)"}	1
2023-08-07 19:09:16.478829	2023-08-07 19:09:16.478833	de5338b4-efe4-40f2-a059-550310e127b9	{"md5": "2f570620f8f7ce96a69e3a52d9f29e75", "pid": "271326476", "type": "bf:Place", "$schema": "https://mef.rero.ch/schemas/places_idref/idref-place-v0.0.1.json", "bnf_type": "sujet Rameau", "identifiedBy": [{"type": "uri", "value": "http://www.idref.fr/271326476", "source": "IDREF"}, {"type": "uri", "value": "http://catalogue.bnf.fr/ark:/12148/cb15312266j", "source": "BNF"}], "authorized_access_point": "Randa (Valais, Suisse)"}	1
2023-08-07 19:09:16.566061	2023-08-07 19:09:16.566067	3f68d6f9-ef10-4a35-a76c-e8cd0d92c56d	{"md5": "038450104d2161ce3dff42a03912a8fe", "pid": "271326484", "type": "bf:Place", "$schema": "https://mef.rero.ch/schemas/places_idref/idref-place-v0.0.1.json", "bnf_type": "sujet Rameau", "identifiedBy": [{"type": "uri", "value": "http://www.idref.fr/271326484", "source": "IDREF"}, {"type": "uri", "value": "http://catalogue.bnf.fr/ark:/12148/cb15288490p", "source": "BNF"}], "variant_access_point": ["Engadin (Grisons, Suisse ; vallée)", "Caput Oeni"], "authorized_access_point": "Engadine (Grisons, Suisse ; vallée)"}	1
2023-08-07 19:09:16.651686	2023-08-07 19:09:16.651696	1820bbe0-c62b-4689-88f3-018d7f9c5289	{"md5": "a2f78ce1651db1de4f9d2c2d1c60f3fd", "pid": "271326506", "type": "bf:Place", "$schema": "https://mef.rero.ch/schemas/places_idref/idref-place-v0.0.1.json", "bnf_type": "sujet Rameau", "identifiedBy": [{"type": "uri", "value": "http://www.idref.fr/271326506", "source": "IDREF"}, {"type": "uri", "value": "http://catalogue.bnf.fr/ark:/12148/cb152863395", "source": "BNF"}], "authorized_access_point": "Saas Almagell (Valais, Suisse)"}	1
2023-08-07 19:09:16.723949	2023-08-07 19:09:16.72396	80eb2dcb-1006-4ce0-bd31-262521ea5197	{"md5": "8b1fb2bc02b04bb0a4d7aa9f9f6b74b4", "pid": "271326514", "type": "bf:Place", "$schema": "https://mef.rero.ch/schemas/places_idref/idref-place-v0.0.1.json", "bnf_type": "sujet Rameau", "identifiedBy": [{"type": "uri", "value": "http://www.idref.fr/271326514", "source": "IDREF"}, {"type": "uri", "value": "http://catalogue.bnf.fr/ark:/12148/cb170155227", "source": "BNF"}], "authorized_access_point": "Grand Combin (Valais, Suisse ; mont)"}	1
2023-08-07 19:09:16.791289	2023-08-07 19:09:16.791296	cc68d4a6-e9e6-4d2b-99fb-42eac4f36223	{"md5": "6cf76fe72d44f50fdd37bdb86488cd5e", "pid": "271326522", "type": "bf:Place", "$schema": "https://mef.rero.ch/schemas/places_idref/idref-place-v0.0.1.json", "bnf_type": "sujet Rameau", "identifiedBy": [{"type": "uri", "value": "http://www.idref.fr/271326522", "source": "IDREF"}, {"type": "uri", "value": "http://catalogue.bnf.fr/ark:/12148/cb170113472", "source": "BNF"}], "authorized_access_point": "Trient (Valais, Suisse)"}	1
2023-08-07 19:09:16.85142	2023-08-07 19:09:16.851423	b2833e74-00c2-4aaa-a46e-d4c77ec4734e	{"md5": "3e1fc12e6dfe9f39c2be05a512766caa", "pid": "271326530", "note": [{"label": ["Dictionnaire historique de la Suisse - http://www.hls-dhs-dss.ch/index.php (2010-07-17)"], "noteType": "dataSource"}], "type": "bf:Place", "$schema": "https://mef.rero.ch/schemas/places_idref/idref-place-v0.0.1.json", "bnf_type": "sujet Rameau", "identifiedBy": [{"type": "uri", "value": "http://www.idref.fr/271326530", "source": "IDREF"}, {"type": "uri", "value": "http://catalogue.bnf.fr/ark:/12148/cb15285465r", "source": "BNF"}], "variant_access_point": ["Binn (Wallis, Suisse)", "Buen (Valais, Suisse)", "Buyn (Valais, Suisse)", "Bun (Valais, Suisse)", "Schmidigehischere (Valais, Suisse)", "Ze Binne (Valais, Suisse)", "Wilere (Valais, Suisse)", "Giesse (Valais, Suisse)", "Heiligkreuz (Valais, Suisse)"], "authorized_access_point": "Binn (Valais, Suisse)"}	1
2023-08-07 19:09:16.94327	2023-08-07 19:09:16.943275	a5fae189-3dc2-4265-9864-bf2ffd409625	{"md5": "17b03f7f2fc10ce546261142583e1bbd", "pid": "271326557", "note": [{"label": ["GeoNames : glacier du Giétro - http://www.geonames.org (2020-06-17)", "Wikipédia : Glacier du Giétro - https://fr.wikipedia.org (2020-06-10)", "Les risques naturels en montagnes / F. Naaim-Bouvet, D. Richard, 2015 (p. 220", "Dict. historique de la Suisse (art. : Bagnes, Val de ; Bâtraz, La ; Glaciers ; Inondations ; Venetz, Ignace) - https://hls-dhs-dss.ch (2020-06-17)", "Examen de l'apologie des travaux du glacier du Giétroz / J.-J. Blanc, 1825", "Glacier-Climat.com : glacier du Giétro/Giétroz - https://www.glaciers-climat.com (2020-06-17)"], "noteType": "dataSource"}, {"label": ["Glacier du sud-ouest des Alpes valaisanes, descendant du Mont Blanc de Cheilon, à hauteur du barrage de Mauvoisin. Souvent en mouvement, ses débâcles causèrent des désagréments en aval, notamment en juin 1818, lorsque la digue du barrage céda soudainement, provoquant une inondation importante du val de Bagnes en contrebas, causant la mort de 44 personnes. Il porte le nom d'un village de la commune de Finhaut"], "noteType": "general"}], "type": "bf:Place", "$schema": "https://mef.rero.ch/schemas/places_idref/idref-place-v0.0.1.json", "bnf_type": "sujet Rameau", "identifiedBy": [{"type": "uri", "value": "http://www.idref.fr/271326557", "source": "IDREF"}, {"type": "uri", "value": "http://catalogue.bnf.fr/ark:/12148/cb17873174h", "source": "BNF"}], "classification": [{"name": "Sciences de la Terre", "type": "bf:ClassificationDdc", "classificationPortion": "550"}, {"type": "bf:ClassificationDdc", "classificationPortion": "914"}], "variant_access_point": ["Ghiacciaio del Giétroz (Suisse)", "Giétro, Glacier du (Suisse)", "Gietrozgletscher (Suisse)", "Glacier de Giétro (Suisse)", "Glacier de Giétroz (Suisse)", "Glacier du Giétro (Suisse)", "Glacier du Giétroz (Suisse)"], "authorized_access_point": "Giétroz, Glacier de (Suisse)"}	1
2023-08-07 19:09:17.041069	2023-08-07 19:09:17.041076	709cc057-942e-4560-abb8-43ede7117d6e	{"md5": "8eeef5e50103b876b3641b2e3258678c", "pid": "271326603", "note": [{"label": ["https://www.beaumontenveron.fr"], "noteType": "dataSource"}], "type": "bf:Place", "$schema": "https://mef.rero.ch/schemas/places_idref/idref-place-v0.0.1.json", "bnf_type": "sujet Rameau", "identifiedBy": [{"type": "uri", "value": "http://www.idref.fr/271326603", "source": "IDREF"}], "authorized_access_point": "Beaumont-en-Véron"}	1
2023-08-07 19:09:17.099373	2023-08-07 19:09:17.099379	5e1b7191-025f-4b8e-8d7c-130f7167490c	{"md5": "ae1ab489aa4d93bb05af2b76e6f435f7", "pid": "271326670", "note": [{"label": ["https://www.saint-germain-sur-vienne.com/"], "noteType": "dataSource"}], "type": "bf:Place", "$schema": "https://mef.rero.ch/schemas/places_idref/idref-place-v0.0.1.json", "bnf_type": "sujet Rameau", "identifiedBy": [{"type": "uri", "value": "http://www.idref.fr/271326670", "source": "IDREF"}], "authorized_access_point": "Saint-Germain-sur-Vienne (Indre-et-Loire)"}	1
2023-08-07 19:09:17.158944	2023-08-07 19:09:17.158951	66bcbfb3-895a-4f80-a6c9-20138945b840	{"md5": "3008d11c7a98543768496691079e62e2", "pid": "271326700", "note": [{"label": ["https://www.annuaire-mairie.fr/mairie-pommiers-30.html"], "noteType": "dataSource"}], "type": "bf:Place", "$schema": "https://mef.rero.ch/schemas/places_idref/idref-place-v0.0.1.json", "bnf_type": "sujet Rameau", "identifiedBy": [{"type": "uri", "value": "http://www.idref.fr/271326700", "source": "IDREF"}], "authorized_access_point": "Pommiers (Gard)"}	1
2023-08-07 19:09:17.226248	2023-08-07 19:09:17.226254	d0cb7f20-e684-418b-a066-b3d60994cc52	{"md5": "72a54d2b0573f85cc2a0ea5df023b5c0", "pid": "271326727", "note": [{"label": ["https://www.annuaire-mairie.fr/mairie-couziers.html"], "noteType": "dataSource"}], "type": "bf:Place", "$schema": "https://mef.rero.ch/schemas/places_idref/idref-place-v0.0.1.json", "bnf_type": "sujet Rameau", "identifiedBy": [{"type": "uri", "value": "http://www.idref.fr/271326727", "source": "IDREF"}], "authorized_access_point": "Couziers (Indre-et-Loire)."}	1
2023-08-07 19:09:17.282476	2023-08-07 19:09:17.282479	9493abd9-11d0-4de1-a974-fbf973bc7dd9	{"md5": "32f0f99c66cb112b827bc1afef4ee28c", "pid": "271326751", "note": [{"label": ["https://cizay-la-madeleine.fr"], "noteType": "dataSource"}], "type": "bf:Place", "$schema": "https://mef.rero.ch/schemas/places_idref/idref-place-v0.0.1.json", "bnf_type": "sujet Rameau", "identifiedBy": [{"type": "uri", "value": "http://www.idref.fr/271326751", "source": "IDREF"}], "authorized_access_point": "Cizay-la-Madeleine (Maine-et-Loire)"}	1
2023-08-07 19:09:17.341049	2023-08-07 19:09:17.341054	fc25d8e1-884d-46de-ac8d-f4acf77a9ffc	{"md5": "09929c4b42d8faeb7238f29ece031bfc", "pid": "27132676X", "note": [{"label": ["Les Incas fondent un empire autour de Cuzco, en 1532 Pizzaro s'empare de Cuzco et fait exécuter Atahualpa"], "noteType": "general"}], "type": "bf:Place", "$schema": "https://mef.rero.ch/schemas/places_idref/idref-place-v0.0.1.json", "bnf_type": "sujet Rameau", "identifiedBy": [{"type": "uri", "value": "http://www.idref.fr/27132676X", "source": "IDREF"}, {"type": "uri", "value": "http://catalogue.bnf.fr/ark:/12148/cb15366294s", "source": "BNF"}], "variant_access_point": ["Incas, Empire des"], "authorized_access_point": "Pérou, Empire Inca du (11..-1532)"}	1
2023-08-07 19:09:17.399569	2023-08-07 19:09:17.399573	56a1ebbf-fc8f-4be8-b21f-75115b131dc7	{"md5": "953fb1d993f4a1543e446e656769b715", "pid": "271326778", "type": "bf:Place", "$schema": "https://mef.rero.ch/schemas/places_idref/idref-place-v0.0.1.json", "bnf_type": "sujet Rameau", "identifiedBy": [{"type": "uri", "value": "http://www.idref.fr/271326778", "source": "IDREF"}, {"type": "uri", "value": "http://catalogue.bnf.fr/ark:/12148/cb120482807", "source": "BNF"}], "authorized_access_point": "Monthey (Suisse ; région)"}	1
2023-08-07 19:09:17.466437	2023-08-07 19:09:17.466445	0bcd8b3a-3abd-4e43-8b08-644f5962936a	{"md5": "4612fb997297fa1b39941851ac704c6c", "pid": "271326786", "type": "bf:Place", "$schema": "https://mef.rero.ch/schemas/places_idref/idref-place-v0.0.1.json", "bnf_type": "sujet Rameau", "identifiedBy": [{"type": "uri", "value": "http://www.idref.fr/271326786", "source": "IDREF"}, {"type": "uri", "value": "http://catalogue.bnf.fr/ark:/12148/cb15291163g", "source": "BNF"}], "authorized_access_point": "Fionnay (Valais, Suisse)"}	1
2023-08-07 19:09:17.543485	2023-08-07 19:09:17.543491	ae30910a-6100-47f3-a68d-0e63ac3cdc4f	{"md5": "1d2c333e6182f4926619966f42fde0df", "pid": "271326794", "note": [{"label": ["Les spéciales de l'IGN / Europe : Suisse, 1994", "Dict. historique de la Suisse - http://www.hls-dhs-dss.ch (2016-01-16)", "Stadtgemeide Brig-Glis - http://www.brig-glis.ch (2016-01-11)"], "noteType": "dataSource"}, {"label": ["Village du Valais, dans le Haut-Valais sur le Rhône, juste avant Glis, (ancienne) commune à laquelle il était attaché, aujourd'hui composante de la commune de Brigue-Glis"], "noteType": "general"}], "type": "bf:Place", "$schema": "https://mef.rero.ch/schemas/places_idref/idref-place-v0.0.1.json", "bnf_type": "sujet Rameau", "closeMatch": [{"source": "LCA", "identifiedBy": {"type": "uri", "value": "http://id.loc.gov/authorities/names/nb2015012569", "source": "LCA"}, "authorized_access_point": "Gamsen (Switzerland)"}], "identifiedBy": [{"type": "uri", "value": "http://www.idref.fr/271326794", "source": "IDREF"}, {"type": "uri", "value": "http://catalogue.bnf.fr/ark:/12148/cb170165930", "source": "BNF"}], "classification": [{"type": "bf:ClassificationDdc", "classificationPortion": "914"}], "variant_access_point": ["Brigue-Glis (Suisse)"], "authorized_access_point": "Gamsen (Suisse)"}	1
2023-08-07 19:09:17.619069	2023-08-07 19:09:17.619079	561247d7-d15e-4f61-b1f6-771812dc8d97	{"md5": "f641e4e732da482d91d70722a46460ea", "pid": "271326808", "type": "bf:Place", "$schema": "https://mef.rero.ch/schemas/places_idref/idref-place-v0.0.1.json", "bnf_type": "sujet Rameau", "identifiedBy": [{"type": "uri", "value": "http://www.idref.fr/271326808", "source": "IDREF"}, {"type": "uri", "value": "http://catalogue.bnf.fr/ark:/12148/cb16981690w", "source": "BNF"}], "authorized_access_point": "Martigny (Valais, Suisse). Château de la Bâtiaz"}	1
2023-08-07 19:09:17.688908	2023-08-07 19:09:17.688916	6ec588fa-4728-4682-9848-6c01af7afc5c	{"md5": "60f765323a605bacb4a828eb8a76b9cd", "pid": "271326824", "type": "bf:Place", "$schema": "https://mef.rero.ch/schemas/places_idref/idref-place-v0.0.1.json", "bnf_type": "sujet Rameau", "identifiedBy": [{"type": "uri", "value": "http://www.idref.fr/271326824", "source": "IDREF"}, {"type": "uri", "value": "http://catalogue.bnf.fr/ark:/12148/cb15331899b", "source": "BNF"}], "authorized_access_point": "Issime (Val d'Aoste, Italie)"}	1
2023-08-07 19:09:17.759052	2023-08-07 19:09:17.759057	0308d931-02e0-4ad1-98d4-045af2522608	{"md5": "da2a7da38069a326ab6fb6e713c66fdc", "pid": "271326832", "type": "bf:Place", "$schema": "https://mef.rero.ch/schemas/places_idref/idref-place-v0.0.1.json", "bnf_type": "sujet Rameau", "identifiedBy": [{"type": "uri", "value": "http://www.idref.fr/271326832", "source": "IDREF"}, {"type": "uri", "value": "http://catalogue.bnf.fr/ark:/12148/cb17015586g", "source": "BNF"}], "variant_access_point": ["Lac de Champex (Valais, Suisse)"], "authorized_access_point": "Champex, Lac de (Valais, Suisse)"}	1
2023-08-07 19:09:17.829152	2023-08-07 19:09:17.829156	032c68c4-90c5-4190-89ac-bd5ffc828c56	{"md5": "820b141d4c8478d915a1a7b2c1665341", "pid": "271326840", "type": "bf:Place", "$schema": "https://mef.rero.ch/schemas/places_idref/idref-place-v0.0.1.json", "bnf_type": "sujet Rameau", "identifiedBy": [{"type": "uri", "value": "http://www.idref.fr/271326840", "source": "IDREF"}, {"type": "uri", "value": "http://catalogue.bnf.fr/ark:/12148/cb162621083", "source": "BNF"}], "authorized_access_point": "Anatolie (Turquie ; région)"}	1
2023-08-07 18:59:58.039689	2023-08-07 19:09:18.560597	52dad4b9-2f0b-47e0-80ce-14e065d9994e	{"md5": "de2d02ceffb7fdf00951b1f34db2dcfb", "pid": "271330031", "note": [{"label": ["Wikipedia - http://de.wikipedia.org (2015-06-05)", "Les spéciales de l'IGN / Europe : Suisse, 1994", "Dict. historique de la Suisse - http://www.hls-dhs-dss.ch (2015-06-05)", "Kaiseraugst - http://www.kaiseraugst.ch (2015-06-05)"], "noteType": "dataSource"}, {"label": ["Commune d'Argovie (district de Rheinfelden), à la frontière germano-suisse sur le Rhin, face à Augst (canton de Bâle-Campagne). Elle est fondée par l'armée romaine comme 'castrum' dans un secteur de la ville basse d'Augusta Raurica (vestiges). Après avoir fait partie d'Augst (sous le premier nom d'Augst-im-Dorf, avant son appellation actuelle), elle s'en détache en 1442"], "noteType": "general"}], "type": "bf:Place", "$schema": "https://mef.rero.ch/schemas/places_idref/idref-place-v0.0.1.json", "bnf_type": "sujet Rameau", "closeMatch": [{"source": "LCA", "identifiedBy": {"type": "uri", "value": "http://id.loc.gov/authorities/names/n85279520", "source": "LCA"}, "authorized_access_point": "Kaiseraugst (Switzerland)"}], "identifiedBy": [{"type": "uri", "value": "http://www.idref.fr/271330031", "source": "IDREF"}, {"type": "uri", "value": "http://catalogue.bnf.fr/ark:/12148/cb121618876", "source": "BNF"}], "classification": [{"type": "bf:ClassificationDdc", "classificationPortion": "914"}], "variant_access_point": ["Augst-im-Dorf (Suisse)", "Augusta Raurica (Suisse ; ville ancienne)", "Castrum Rauracense (Suisse ; ville ancienne)"], "authorized_access_point": "Kaiseraugst (Suisse)"}	2
2023-08-07 18:59:58.571415	2023-08-07 19:09:19.26131	750a69bc-eea9-48fc-926c-cdda720f32ad	{"md5": "bd9f6814578cf76d4ebecf36172bedab", "pid": "271333081", "note": [{"label": ["https://culture.gouv.fr/Espace-documentation/Repertoire-des-ressources-documentaires/Monuments-nationaux/Monastere-de-Saorge"], "noteType": "dataSource"}], "type": "bf:Place", "$schema": "https://mef.rero.ch/schemas/places_idref/idref-place-v0.0.1.json", "bnf_type": "sujet Rameau", "identifiedBy": [{"type": "uri", "value": "http://www.idref.fr/271333081", "source": "IDREF"}], "authorized_access_point": "Saorge (Alpes-Maritimes) -- Monastère"}	2
2023-08-07 18:56:09.791616	2023-08-07 19:09:19.500234	14e17bfd-83fa-4918-9902-b9cf930f20a8	{"md5": "cf6b32604ac5a558fc78a95726b0b060", "pid": "271337214", "note": [{"label": ["Bridge Orange : Issy-les-Moulineaux : VIGUIER architecture urbanisme paysage / texte de Christine Desmoulins, Archibooks + Sautereau Éditeur, 2023", "https://www.archistorm.com/realisation-bridge-orange-viguier/, 2023-08-04"], "noteType": "dataSource"}, {"label": ["Siège social de l'entreprise Orange construit en 2021 par l'agence \\"Viguier architecture urbanisme paysage\\""], "noteType": "general"}], "type": "bf:Place", "$schema": "https://mef.rero.ch/schemas/places_idref/idref-place-v0.0.1.json", "bnf_type": "sujet Rameau", "identifiedBy": [{"type": "uri", "value": "http://www.idref.fr/271337214", "source": "IDREF"}], "variant_access_point": ["Bridge Orange (Issy-les-Moulineaux, France)", "Siège social Orange (Issy-les-Moulineaux, France)"], "authorized_access_point": "Issy-les-Moulineaux (France)"}	3
